{
"type": "FeatureCollection",
"name": "siti",
"crs": { "type": "name", "properties": { "name": "urn:ogc:def:crs:OGC:1.3:CRS84" } },
"features": [
{ "type": "Feature", "properties": { "fid": 1, "centroid": null, "site_code": "CUM8", "name": "Orvieto (settlement)", "parent_context": null, "chron_orig": null, "c_appr": 3, "typology": "settlement", "c_notes": null, "site_name_brain": null, "macro_context_name": null, "site_id": 2, "source_type": "external resource", "source": "OSM", "bibliography": "George, D.,_Bizzarri, C.,_Bianco, P.,_Trentacoste, A.,_Whitlam, J.,_Best, J._2017_ Recent Research in Cavità 254 (Orvieto, Italy)_Etruscan Studies, 20(1)_58-76", "region": "Abruzzo", "province": "Chieti", "chronology_iccd": null, "parent_chronology_iccd": "Periodo Etrusco Arcaico", "osm_wikipedia": null, "osm_wikimedia_commons": null, "osm_wikidata": null, "osm_website": null }, "geometry": { "type": "MultiPolygon", "coordinates": [ [ ] ] } },
{ "type": "Feature", "properties": { "fid": 3, "centroid": "", "site_code": "CLA16", "name": "Roma - Capitolium - Giardino Romano (funerary)", "parent_context": null, "chron_orig": null, "c_appr": 1, "typology": "funerary", "c_notes": "<!DOCTYPE HTML PUBLIC \"-//W3C//DTD HTML 4.0//EN\" \"http://www.w3.org/TR/REC-html40/strict.dtd\">\n<html><head><meta name=\"qrichtext\" content=\"1\" /><style type=\"text/css\">\np, li { white-space: pre-wrap; }\n</style></head><body style=\" font-family:'MS Shell Dlg 2'; font-size:7.8pt; font-weight:400; font-style:normal;\">\n<p style=\" margin-top:0px; margin-bottom:0px; margin-left:0px; margin-right:0px; -qt-block-indent:0; text-indent:0px;\">NULL</p></body></html>", "site_name_brain": "Roma - Capitolium - Giardino Romano", "macro_context_name": null, "site_id": 277, "source_type": "external project", "source": "OSM", "bibliography": "Celant, A.,_Minniti, C._2008_Offerte funerarie alimentari. In Il tempio di Giove e le origini del Colle Capitolino Vol. 1_55-56", "region": "Lazio", "province": "Roma", "chronology_iccd": "Prima età del Ferro", "parent_chronology_iccd": "Età del Ferro ; Periodo Arcaico (Roma)", "osm_wikipedia": "it: Palazzo dei Conservatori", "osm_wikimedia_commons": "Category:Palazzo dei Conservatori (Rome)\n", "osm_wikidata": "Q64103", "osm_website": "http://en.museicapitolini.org/" }, "geometry": { "type": "MultiPolygon", "coordinates": [ [ [ [ 12.4823129, 41.892848 ], [ 12.4823674, 41.8928125 ], [ 12.4824972, 41.8927282 ], [ 12.48264, 41.8926355 ], [ 12.4827212, 41.8927048 ], [ 12.4829681, 41.8929155 ], [ 12.4830054, 41.8929474 ], [ 12.4825225, 41.8932609 ], [ 12.4822881, 41.8930603 ], [ 12.4824396, 41.8929571 ], [ 12.4825319, 41.8930357 ], [ 12.4827008, 41.8929259 ], [ 12.482534, 41.8927836 ], [ 12.482365, 41.8928934 ], [ 12.4823129, 41.892848 ] ] ] ] } },
{ "type": "Feature", "properties": { "fid": 10, "centroid": "", "site_code": "CLA22", "name": "\"Sant'Omobono\"Sacred Area", "parent_context": null, "chron_orig": null, "c_appr": 1, "typology": "sacred", "c_notes": "The Sant’Omobono sacred area lies at the foot of the Capitoline Hill, by the Vicus Iugarius and the river-harbour zone of the Forum Boarium, in a topographic setting strongly connected with traffic, exchange, and waterfront activities along the Tiber. \n\nThe site preserves a long stratified sequence: beneath the later temples, investigations documented early occupation and cult traces, while the major monumentalisation is placed around 580 BC, when an Etrusco-Italic temple was built; this building was destroyed at the end of the 6th century BC, and—after a period of neglect—the area was later raised and reconfigured for the better-known sanctuary traditionally identified (from literary sources) with Fortuna and Mater Matuta. \n\nFrom an archaeobotanical perspective, the 6th-century contexts published for the sanctuary are characterised in broad terms by charred cereals and fruit crops (notably hulled wheats/barley and Mediterranean orchard/vine taxa), a spectrum consistent with food-related practices that can plausibly include offerings and consumption debris within a cult setting. ", "site_name_brain": "Roma - Sant'Omobono", "macro_context_name": null, "site_id": 283, "source_type": "external project", "source": "OSM", "bibliography": "Costantini, L.,_Costantini Biasini, L._1989_ I vegetali dell’area sacra di S. Omobono. G. Pisani Sartorio, P. Virgili et G. Ioppolo (éd.), Il viver quotidiano in Roma arcaica_Materiali dagli scavi del Tempio Arcaico nell’area sacra di S. Omobono, Rome_61-64 ; Costantini, L._2002_Italia centro-meridionale_Storia dell’agricoltura italiana, 1_221-233", "region": "Lazio", "province": "Roma", "chronology_iccd": null, "parent_chronology_iccd": "Età del Ferro ; Periodo Arcaico (Roma)", "osm_wikipedia": "it:Area di Sant'Omobono", "osm_wikimedia_commons": "Category:Sacred area of Sant'Omobono", "osm_wikidata": "Q2552044", "osm_website": null }, "geometry": { "type": "MultiPolygon", "coordinates": [ [ [ [ 12.4807974, 41.8907784 ], [ 12.4808471, 41.8907881 ], [ 12.4808329, 41.8908236 ], [ 12.4811202, 41.8908799 ], [ 12.481227, 41.8908939 ], [ 12.4812878, 41.8909007 ], [ 12.4812734, 41.8906981 ], [ 12.4813204, 41.8906928 ], [ 12.4813541, 41.8906452 ], [ 12.4814305, 41.8906448 ], [ 12.4814667, 41.8906858 ], [ 12.4814669, 41.8908469 ], [ 12.4815601, 41.8908454 ], [ 12.4817683, 41.8908466 ], [ 12.481772, 41.8904973 ], [ 12.481671, 41.890495 ], [ 12.4816712, 41.8904691 ], [ 12.481493, 41.8904511 ], [ 12.4813521, 41.8904327 ], [ 12.4812276, 41.8904106 ], [ 12.4811152, 41.8903856 ], [ 12.4810982, 41.8904296 ], [ 12.4809974, 41.8904064 ], [ 12.4809502, 41.8903963 ], [ 12.4807974, 41.8907784 ] ] ] ] } },
{ "type": "Feature", "properties": { "fid": 15, "centroid": "", "site_code": "CLA26", "name": "Roma - Ss. Quattro Coronati (settlement)", "parent_context": null, "chron_orig": null, "c_appr": 1, "typology": "settlement", "c_notes": "The Basilica of Santi Quattro Coronati is part of a fortified monastic complex on the Caelian Hill, along the line of an ancient road traditionally identified with the old Via Tuscolana. From Late Antiquity onward the site is thought to occupy the area of a high-status residential property; an apsed hall was converted into a church before 499, when the titulus Aemilianae is first recorded, later associated with Santi Quattro Coronati. \n\nA major Carolingian reorganisation—credited to Pope Leo IV (847–855)—included fortifications and key structural additions (courtyard/tower system and related service spaces), setting the stage for the later “fortress-like” character of the complex. \n\nAfter the 1084 destruction (Norman sack), Pope Paschal II rebuilt the basilica on a reduced footprint and created the distinctive sequence of two courtyards, while the flanking sectors evolved into monastic and cardinal residential spaces. \n\nModern restoration campaigns have also produced stratified archaeological evidence (e.g., Roman walls, early-medieval surfaces and medieval construction-yard traces), and early-modern “domestic” bio-assemblages that offer a small window onto diet and provisioning within the complex.", "site_name_brain": "Roma - Ss. Quattro Coronati", "macro_context_name": null, "site_id": 287, "source_type": "external project", "source": "OSM", "bibliography": "Masi, A.,_Sadori, L.,_Pugliese, R._2012_Il contributo degli studi archeobotanici alle indagini archeologiche: l’esempio dello scavo dell’ex portico_Dal cantiere dei Ss. Quattro Coronati a Roma. Note di storia e restauro per Giovanni Carbonara_141-154 ; Moricca, C.,_Alhaique, F.,_Barelli, L.,_Masi, A.,_Morretta, S.,_Pugliese, R.,_Sadori, L._2018_Early arrival of New World species enriching the biological assemblage of the Santi Quattro Coronati Complex (Rome, Italy)_INTERDISCIPLINARIA ARCHAEOLOGI", "region": "Lazio", "province": "Roma", "chronology_iccd": "Early modern", "parent_chronology_iccd": "Medioevo ; Periodo Moderno", "osm_wikipedia": "it:Santi quattro Coronati", "osm_wikimedia_commons": "Category:Santi Quattro Coronati (Rome)", "osm_wikidata": "Q1536044", "osm_website": "https://monacheagostinianesantiquattrocoronati.it/" }, "geometry": { "type": "MultiPolygon", "coordinates": [ [ [ [ 12.4990537, 41.8882903 ], [ 12.4990221, 41.8881683 ], [ 12.4989952, 41.8880642 ], [ 12.4989864, 41.8880387 ], [ 12.4989558, 41.8879498 ], [ 12.4989076, 41.8878417 ], [ 12.4988955, 41.887811 ], [ 12.4988164, 41.8873678 ], [ 12.4985012, 41.8871511 ], [ 12.4982316, 41.8871671 ], [ 12.4979734, 41.8872079 ], [ 12.4979098, 41.887218 ], [ 12.4981096, 41.8876413 ], [ 12.4981378, 41.8877392 ], [ 12.4980653, 41.8877531 ], [ 12.4979701, 41.8877961 ], [ 12.4979326, 41.887809 ], [ 12.4978736, 41.887849 ], [ 12.4979138, 41.8878769 ], [ 12.4978561, 41.8879368 ], [ 12.4978762, 41.8879468 ], [ 12.4979042, 41.8882041 ], [ 12.497897, 41.8882104 ], [ 12.4978841, 41.8882337 ], [ 12.4978815, 41.8882589 ], [ 12.4978894, 41.8882834 ], [ 12.4979072, 41.8883048 ], [ 12.497933, 41.8883212 ], [ 12.4979643, 41.8883308 ], [ 12.4979981, 41.8883327 ], [ 12.4980023, 41.8883969 ], [ 12.4982255, 41.8883809 ], [ 12.4982595, 41.8884845 ], [ 12.4983121, 41.888476 ], [ 12.4983497, 41.8885379 ], [ 12.4984154, 41.8885149 ], [ 12.4983899, 41.888469 ], [ 12.4985138, 41.8884471 ], [ 12.4985186, 41.88847 ], [ 12.4986651, 41.8884469 ], [ 12.4986666, 41.8884489 ], [ 12.4986889, 41.8884426 ], [ 12.4986794, 41.8884215 ], [ 12.4987006, 41.8884173 ], [ 12.4987149, 41.8884079 ], [ 12.4987001, 41.8883848 ], [ 12.4987473, 41.8883794 ], [ 12.4987453, 41.8883749 ], [ 12.4988544, 41.8883708 ], [ 12.4988601, 41.8883621 ], [ 12.4988467, 41.8883155 ], [ 12.4990537, 41.8882903 ] ] ] ] } },
{ "type": "Feature", "properties": { "fid": 17, "centroid": "", "site_code": "CLA31", "name": "Roma - Centocelle - Area T. 505 (settlement)", "parent_context": null, "chron_orig": null, "c_appr": 3, "typology": "settlement", "c_notes": "<!DOCTYPE HTML PUBLIC \"-//W3C//DTD HTML 4.0//EN\" \"http://www.w3.org/TR/REC-html40/strict.dtd\">\n<html><head><meta name=\"qrichtext\" content=\"1\" /><style type=\"text/css\">\np, li { white-space: pre-wrap; }\n</style></head><body style=\" font-family:'MS Shell Dlg 2'; font-size:7.8pt; font-weight:400; font-style:normal;\">\n<p style=\" margin-top:0px; margin-bottom:0px; margin-left:0px; margin-right:0px; -qt-block-indent:0; text-indent:0px;\">NULL</p></body></html>", "site_name_brain": "Roma - Centocelle - Area T. 505", "macro_context_name": null, "site_id": 292, "source_type": null, "source": null, "bibliography": "Larocca, F.,_Celant, A._2004_L’occupazione arcaica e altorepubblicana. Area T. 14: risultati delle ricerche archeobotaniche_Centocelle I, Roma SDO Le indagini archeologiche_287-287", "region": "Lazio", "province": "Roma", "chronology_iccd": null, "parent_chronology_iccd": "Periodo Arcaico (Roma) ; Periodo Repubblicano (Roma)", "osm_wikipedia": null, "osm_wikimedia_commons": null, "osm_wikidata": null, "osm_website": null }, "geometry": { "type": "MultiPolygon", "coordinates": [ [ [ [ 12.564728485066404, 41.863893196731901 ], [ 12.564727985099092, 41.86388420731258 ], [ 12.564715959378882, 41.863884581045468 ], [ 12.564716459344517, 41.863893570464924 ], [ 12.564728485066404, 41.863893196731901 ] ] ] ] } },
{ "type": "Feature", "properties": { "fid": 19, "centroid": "", "site_code": "CLA34", "name": "Roma - Quadrato di Torre Spaccata (settlement)", "parent_context": null, "chron_orig": "neolitico, eneolitico", "c_appr": 1, "typology": "settlement", "c_notes": "Quadrato di Torre Spaccata is a large prehistoric settlement on the south-eastern edge of Rome, along the former valley margin of the Fosso di Gregna (an ancient tributary of the Aniene). The site was investigated in multiple campaigns: the core area (often referred to as Area A) was excavated in 1981 and 1984–85, while further works connected to the Jubilee 2000 explored the south-eastern edge of the settlement (Sector C), clarifying its extent and internal organisation. \n\nNeolithic occupation (older phase)\n\nThe 1981 and 1984–85 excavations exposed a Late Neolithic occupation surface characterised by very dense pottery scatters and a set of activity features: irregular pits, fired-clay working surfaces, and areas linked to lithic production/working. Archaeobotanical evidence (charred crops and fuel wood) indicates an agricultural component already well established at the site. \n\nEneolithic occupation (later phase)\n\nIn the Jubilee 2000 sector, Eneolithic structures were found directly overlying the older Neolithic level (partly truncated by erosion). In total, the SE investigations identified two Neolithic huts and three Eneolithic huts, including a larger rectangular structure partly cut by a later Roman paved road; a radiocarbon AMS date from charcoal in a hut foundation gully places the Eneolithic phase broadly in the later 3rd millennium BC. \nAcademia\n\nBibliography: Anzidei & Carboni (eds.) 1995 (Origini XIX); Celant 1995 (in Origini XIX); Anzidei & Carboni 2007 (Jubilee 2000 excavations, Sector C). ", "site_name_brain": "Roma - Quadrato di Torre Spaccata", "macro_context_name": null, "site_id": 295, "source_type": "bibliography georefenced ", "source": "Celant 1995; Anzidei & Carboni 2007", "bibliography": "Celant, A._1995_ Macroresti vegetali del livello neolitico nell’insediamento di Quadrato di Torre Spaccata (Roma)_Origini, 10_277-286 ; Celant, A._2002_Ricerche paleobotaniche nel villaggio eneolitico di Le Cerquete-Fianello (Maccarese, Fiumicino)_Le dune, il lago, il mare: una comunità di villaggio dell’età del Rame a Maccarese_249-252", "region": "Lazio", "province": "Roma", "chronology_iccd": "Neolitico Finale", "parent_chronology_iccd": "Eneolitico ; Età del Bronzo ; Neolitico", "osm_wikipedia": null, "osm_wikimedia_commons": null, "osm_wikidata": null, "osm_website": null }, "geometry": { "type": "MultiPolygon", "coordinates": [ [ [ [ 12.5871231646518, 41.846763593335112 ], [ 12.587253464038357, 41.846691119120081 ], [ 12.588104784543564, 41.845842507622677 ], [ 12.587328028864205, 41.845673013509206 ], [ 12.587285246351081, 41.845885895242077 ], [ 12.587044593383364, 41.846045429231914 ], [ 12.587060405065607, 41.846536918662586 ], [ 12.586952618945837, 41.846602916458444 ], [ 12.5871231646518, 41.846763593335112 ] ] ] ] } },
{ "type": "Feature", "properties": { "fid": 32, "centroid": "", "site_code": "CLA42", "name": "Anguillara Sabazia La Marmotta (underwater)", "parent_context": null, "chron_orig": null, "c_appr": 0, "typology": "underwater", "c_notes": "<!DOCTYPE HTML PUBLIC \"-//W3C//DTD HTML 4.0//EN\" \"http://www.w3.org/TR/REC-html40/strict.dtd\">\n<html><head><meta name=\"qrichtext\" content=\"1\" /><style type=\"text/css\">\np, li { white-space: pre-wrap; }\n</style></head><body style=\" font-family:'MS Shell Dlg 2'; font-size:7.8pt; font-weight:400; font-style:normal;\">\n<p style=\" margin-top:0px; margin-bottom:0px; margin-left:0px; margin-right:0px; -qt-block-indent:0; text-indent:0px;\">NULL</p></body></html>", "site_name_brain": "Anguillara Sabazia - La Marmotta", "macro_context_name": null, "site_id": 303, "source_type": "coordinates", "source": "Portillo et alii 2024 ", "bibliography": "Beccaccioli et alii 2023; \nRottoli, M._1993;\nRottoli, M._2002", "region": "Lazio", "province": "Roma", "chronology_iccd": "Neolitico Iniziale", "parent_chronology_iccd": "Mesolitico ; Neolitico ; da identificare", "osm_wikipedia": null, "osm_wikimedia_commons": null, "osm_wikidata": null, "osm_website": null }, "geometry": { "type": "MultiPolygon", "coordinates": [ [ [ [ 12.275769114505888, 42.09970541305011 ], [ 12.275898071060789, 42.099592426628632 ], [ 12.275885210339398, 42.099583333189265 ], [ 12.276103907556191, 42.099407375137496 ], [ 12.276091956178735, 42.099397502260466 ], [ 12.276153215130387, 42.09934747003846 ], [ 12.275931652072023, 42.099191953399298 ], [ 12.275848146533459, 42.099256570780334 ], [ 12.275741279326366, 42.099182012263761 ], [ 12.275628814582896, 42.09927255591316 ], [ 12.275669206093676, 42.09930031177673 ], [ 12.27554581174874, 42.099399785264268 ], [ 12.275533882386089, 42.099390030525008 ], [ 12.275520461853107, 42.099399909528458 ], [ 12.275507538376905, 42.099390838242272 ], [ 12.275483182594824, 42.099410969041735 ], [ 12.275495484750058, 42.099419294742752 ], [ 12.275485046557741, 42.099429981463459 ], [ 12.275496106071026, 42.099439177013835 ], [ 12.275484425236764, 42.099448124035824 ], [ 12.275496603127804, 42.099458065171369 ], [ 12.275460317983073, 42.099488137106384 ], [ 12.275539598539023, 42.099542937616057 ], [ 12.275589801273513, 42.099503173073892 ], [ 12.275758800577734, 42.099623709342353 ], [ 12.275707201035111, 42.099661849386663 ], [ 12.275769114505888, 42.09970541305011 ] ] ] ] } },
{ "type": "Feature", "properties": { "fid": 42, "centroid": "", "site_code": "CLA48", "name": "Lunghezzina cemetery", "parent_context": null, "chron_orig": null, "c_appr": 1, "typology": "funerary", "c_notes": "The Eneolithic necropolis of Lunghezzina lies on a tuff plateau sloping west toward the Fosso della Vitellara (a tributary of the Aniene river). It was first identified during large-scale ground stripping connected with modern building works, and investigated through multiple campaigns (starting in 1998). Early excavation reports documented two main clusters of rock-cut graves (a NW nucleus and a SE nucleus, tens of metres apart) plus an isolated burial at greater distance; later syntheses indicate that additional chamber tombs were recognized as fieldwork progressed. \n\nMost graves belong to the Copper Age tradition of artificial “grotticella” chamber tombs cut into the tuff, typically with a small vestibule and a sub-elliptical burial cell. Repeated reopening/reuse is suggested by disturbed and re-arranged human remains in several tombs, as well as by architectural details such as lateral recesses near the chamber access; in at least one case, charcoal concentrations were interpreted as possible traces of wooden closures.\n\nFrom an archaeobotanical standpoint, macro-remains at Lunghezzina are mainly charcoal/wood fragments recovered from selected tomb fills and thresholds (notably Tombs 2, 3, 6 and 8), informative both for ritual/technical practices and (in some cases) for radiocarbon dating. \n\nBibliography: Anzidei et al., La necropoli eneolitica di Lunghezzina (Roma) (2003); Anzidei e Carboni 2020, \"Roma prima del mito\".", "site_name_brain": "Lunghezzina", "macro_context_name": null, "site_id": 309, "source_type": "bibliography georeferenced", "source": "Anzidei e Carboni 2020, Fig. 2.6. 27,28", "bibliography": "Anzidei, A. P.,_Carboni, G.,_Catalano, P.,_Celant, A.,_Lemorini, C.,_Musco, S._2003_La necropoli eneolitica di Lunghezzina (Roma)_ATTI della XXXV Riunione Scientifica a Lipari “Le comunità della Preistoria italiana: studi e ricerche sul Neolitico e le età dei Metalli”, in memoria di Luigi Bernabò Brea_379-391", "region": "Lazio", "province": "Roma", "chronology_iccd": null, "parent_chronology_iccd": "Eneolitico", "osm_wikipedia": null, "osm_wikimedia_commons": null, "osm_wikidata": null, "osm_website": null }, "geometry": { "type": "MultiPolygon", "coordinates": [ [ [ [ 12.692082788426999, 41.919307091305761 ], [ 12.692625175829379, 41.918097099482232 ], [ 12.692735234998516, 41.917775489455025 ], [ 12.693365274314045, 41.917912569138743 ], [ 12.693550463694447, 41.917438062541279 ], [ 12.692726008481342, 41.917224534572433 ], [ 12.692614631238328, 41.917580414520536 ], [ 12.692267141266566, 41.917504401089211 ], [ 12.691610234366017, 41.919195623001272 ], [ 12.691610753218059, 41.919204611061453 ], [ 12.692082788426999, 41.919307091305761 ] ] ] ] } },
{ "type": "Feature", "properties": { "fid": 46, "centroid": "", "site_code": "CLA50", "name": "Montalto di Castro - Chiesa di San Sisto (funerary)", "parent_context": null, "chron_orig": null, "c_appr": 1, "typology": "funerary", "c_notes": "The church of San Sisto forms part of an extra-moenia complex along the road linking Montalto di Castro with its coastal hamlet. Built in the later Middle Ages (commonly placed in the late 13th century) and tied to monastic life, the complex was later transformed for public-health and assistance purposes: it functioned as a lazaretto and then as a hospital in the early modern period (with major 18th-century alterations), and today it is reused as a venue for cultural activities/events.\n\nArchaeological excavations carried out in 2000-2001 exposed a funerary phase on the earlier cocciopesto walking level: a rock-cut crypt (Tomb 1) near the entrance, additional ossuaries, and a set of small pit-type graves (Graves 3–7) cut through the floor and reused over time. These data show that, alongside its liturgical role, the building (or parts of it) served as a burial space between the 15th–16th centuries and into the post-medieval period.\n\nBibliography: Sadori e Sabato 2009", "site_name_brain": "Montalto di Castro - Chiesa di San Sisto", "macro_context_name": null, "site_id": 311, "source_type": "bibliography georeferenced", "source": "Sadori e Sabato 2009, fig. 2", "bibliography": "Sadori, L.,_Sabato, D._2009_Plant remains from the burials of St. Sisto basilica (Montalto di Castro, central Italy)_Plants and culture: seeds of the Cultural Heritage of Europe_PaCE, a project for Europe Vol. 3_121-127", "region": "Lazio", "province": "Viterbo", "chronology_iccd": "Early modern", "parent_chronology_iccd": "Periodo Moderno", "osm_wikipedia": null, "osm_wikimedia_commons": null, "osm_wikidata": null, "osm_website": null }, "geometry": { "type": "MultiPolygon", "coordinates": [ [ [ [ 11.604596331368571, 42.350869579224486 ], [ 11.604591089780826, 42.350736442895801 ], [ 11.604351287141547, 42.350737753292734 ], [ 11.604353383776646, 42.350873248335908 ], [ 11.604596331368571, 42.350869579224486 ] ] ] ] } },
{ "type": "Feature", "properties": { "fid": 49, "centroid": "", "site_code": "CLA51", "name": "Lago di Mezzano (underwater)", "parent_context": null, "chron_orig": null, "c_appr": 3, "typology": "underwater", "c_notes": "<!DOCTYPE HTML PUBLIC \"-//W3C//DTD HTML 4.0//EN\" \"http://www.w3.org/TR/REC-html40/strict.dtd\">\n<html><head><meta name=\"qrichtext\" content=\"1\" /><style type=\"text/css\">\np, li { white-space: pre-wrap; }\n</style></head><body style=\" font-family:'MS Shell Dlg 2'; font-size:7.8pt; font-weight:400; font-style:normal;\">\n<p style=\" margin-top:0px; margin-bottom:0px; margin-left:0px; margin-right:0px; -qt-block-indent:0; text-indent:0px;\">NULL</p></body></html>", "site_name_brain": "Lago di Mezzano", "macro_context_name": null, "site_id": 312, "source_type": null, "source": null, "bibliography": "Follieri, M.,_Coccolini, G.B.L.,_Catullo, A._1976_Strutture lignee di un abitato dell'eta'del Bronzonel lago di Mezzano (Viterbo)_Annali di Botanica, 35_175-183", "region": "Lazio", "province": "Viterbo", "chronology_iccd": "Media età del Ferro ; Età del Bronzo finale ; Età del Bronzo recente ; Prima età del Ferro ; Età del Bronzo medio", "parent_chronology_iccd": "Età del Bronzo ; Età del Ferro ; Periodo Orientalizzante", "osm_wikipedia": null, "osm_wikimedia_commons": null, "osm_wikidata": null, "osm_website": null }, "geometry": { "type": "MultiPolygon", "coordinates": [ [ [ [ 11.77088684412381, 42.612623794644087 ], [ 11.770886445072268, 42.612614799491951 ], [ 11.770874266988178, 42.61261509424444 ], [ 11.770874666037971, 42.612624089396675 ], [ 11.77088684412381, 42.612623794644087 ] ] ] ] } },
{ "type": "Feature", "properties": { "fid": 65, "centroid": "", "site_code": "CLA52", "name": "Lago di Bolsena - Gran Carro (underwater)", "parent_context": null, "chron_orig": null, "c_appr": 1, "typology": "settlement", "c_notes": "<!DOCTYPE HTML PUBLIC \"-//W3C//DTD HTML 4.0//EN\" \"http://www.w3.org/TR/REC-html40/strict.dtd\">\n<html><head><meta name=\"qrichtext\" content=\"1\" /><style type=\"text/css\">\np, li { white-space: pre-wrap; }\n</style></head><body style=\" font-family:'MS Shell Dlg 2'; font-size:7.8pt; font-weight:400; font-style:normal;\">\n<p style=\" margin-top:0px; margin-bottom:0px; margin-left:0px; margin-right:0px; -qt-block-indent:0; text-indent:0px;\">NULL</p></body></html>", "site_name_brain": "Lago di Bolsena - Gran Carro", "macro_context_name": null, "site_id": 313, "source_type": "external source", "source": "GNA", "bibliography": "Costantini, L.,_Biasini, L. C.,_Scali, S._1997_Significato e limiti della ricerca archeobotanica nel sito del Gran Carro, Bolsena (Vt)_Forma lacus antique, Atti 3 Seminario di Geoarcheologia. Bollettino di Studi e Ricerche XII_39-58 ; Costantini, L.,_Costantini Biasini, L._1987_Bolsena-Gran Carro. I resti vegetali. L’alimentazione nel Mondo Antico (Gli Etruschi)_Ministerio per i Beni Culturali e Ambientali: Roma, Italy_83-87 ; Costantini, L._2002_Italia centro-meridionale_Storia dell’agricoltura", "region": "Lazio", "province": "Viterbo", "chronology_iccd": "Età del Bronzo finale ; Età del Bronzo recente ; Proto-Villanoviano", "parent_chronology_iccd": "Età del Bronzo ; Età del Ferro ; Villanoviano", "osm_wikipedia": null, "osm_wikimedia_commons": null, "osm_wikidata": null, "osm_website": null }, "geometry": { "type": "MultiPolygon", "coordinates": [ [ [ [ 11.99380877730828, 42.592499795325224 ], [ 11.995630101, 42.592761213 ], [ 11.996909431, 42.592406864 ], [ 11.997238763, 42.591688834 ], [ 11.997378096, 42.590681714 ], [ 11.99709943, 42.589655926 ], [ 11.996630765, 42.588900563 ], [ 11.9960766, 42.588322377 ], [ 11.993948606, 42.589143026 ], [ 11.993796606, 42.592500114 ], [ 11.99380877730828, 42.592499795325224 ] ] ] ] } },
{ "type": "Feature", "properties": { "fid": 68, "centroid": "", "site_code": "CLA57", "name": "Tarquinia", "parent_context": null, "chron_orig": null, "c_appr": 3, "typology": "settlement,sacred", "c_notes": "<!DOCTYPE HTML PUBLIC \"-//W3C//DTD HTML 4.0//EN\" \"http://www.w3.org/TR/REC-html40/strict.dtd\">\n<html><head><meta name=\"qrichtext\" content=\"1\" /><style type=\"text/css\">\np, li { white-space: pre-wrap; }\n</style></head><body style=\" font-family:'MS Shell Dlg 2'; font-size:7.8pt; font-weight:400; font-style:normal;\">\n<p style=\" margin-top:0px; margin-bottom:0px; margin-left:0px; margin-right:0px; -qt-block-indent:0; text-indent:0px;\">NULL</p></body></html>", "site_name_brain": "Tarquinia", "macro_context_name": null, "site_id": 318, "source_type": null, "source": null, "bibliography": "Bedini, E.,_Rottoli, M.,_Fornaciari, G.,_Mallegni, F.,_Liborio, G._1997_Analisi di laboratorio. Tarquinia: testimonianze archeologiche e ricostruzione storica: scavi sistematici nell'abitato: campagne 1982-1988_Tarchna/Università degli studi di Milano 1_91-144 ; Castelletti, L._1986_I resti vegetali dallo scavo dell'abitato_Gli Etruschi di Tarquinia. Catalogo della Mostra_381-383", "region": "Lazio", "province": "Viterbo", "chronology_iccd": "Prima età del Ferro ; Prima Repubblica (Roma) ; Seconda età del Ferro", "parent_chronology_iccd": "Età del Ferro ; Periodo Etrusco Arcaico ; Periodo Orientalizzante ; Periodo Repubblicano (Roma)", "osm_wikipedia": null, "osm_wikimedia_commons": null, "osm_wikidata": null, "osm_website": null }, "geometry": { "type": "MultiPolygon", "coordinates": [ [ [ [ 11.752784027951554, 42.253059908061395 ], [ 11.752783636461459, 42.253050912206042 ], [ 11.75277152760486, 42.253051203049338 ], [ 11.752771919093238, 42.253060198904784 ], [ 11.752784027951554, 42.253059908061395 ] ] ] ] } },
{ "type": "Feature", "properties": { "fid": 69, "centroid": "", "site_code": "CLA57", "name": "Tarquinia (undet.)", "parent_context": null, "chron_orig": null, "c_appr": 3, "typology": "settlement", "c_notes": null, "site_name_brain": "Tarquinia", "macro_context_name": null, "site_id": 318, "source_type": null, "source": null, "bibliography": "Bedini, E.,_Rottoli, M.,_Fornaciari, G.,_Mallegni, F.,_Liborio, G._1997_Analisi di laboratorio. Tarquinia: testimonianze archeologiche e ricostruzione storica: scavi sistematici nell'abitato: campagne 1982-1988_Tarchna/Università degli studi di Milano 1_91-144 ; Rottoli, M._2001_Analisi botaniche_Tarquinia Etrusca. Una nuova storia_59-61", "region": "Lazio", "province": "Viterbo", "chronology_iccd": null, "parent_chronology_iccd": "Periodo Etrusco Arcaico", "osm_wikipedia": null, "osm_wikimedia_commons": null, "osm_wikidata": null, "osm_website": null }, "geometry": { "type": "MultiPolygon", "coordinates": [ [ [ [ 11.752784027951554, 42.253059908061395 ], [ 11.752783636461459, 42.253050912206042 ], [ 11.75277152760486, 42.253051203049338 ], [ 11.752771919093238, 42.253060198904784 ], [ 11.752784027951554, 42.253059908061395 ] ] ] ] } },
{ "type": "Feature", "properties": { "fid": 70, "centroid": "", "site_code": "CLA57", "name": "Tarquinia (sacred)", "parent_context": null, "chron_orig": null, "c_appr": 3, "typology": "sacred", "c_notes": null, "site_name_brain": "Tarquinia", "macro_context_name": null, "site_id": 318, "source_type": null, "source": null, "bibliography": null, "region": "Lazio", "province": "Viterbo", "chronology_iccd": "Seconda età del Ferro ; Prima Repubblica (Roma)", "parent_chronology_iccd": "Età del Ferro ; Periodo Etrusco Arcaico ; Periodo Repubblicano (Roma)", "osm_wikipedia": null, "osm_wikimedia_commons": null, "osm_wikidata": null, "osm_website": null }, "geometry": { "type": "MultiPolygon", "coordinates": [ [ [ [ 11.752784027951554, 42.253059908061395 ], [ 11.752783636461459, 42.253050912206042 ], [ 11.75277152760486, 42.253051203049338 ], [ 11.752771919093238, 42.253060198904784 ], [ 11.752784027951554, 42.253059908061395 ] ] ] ] } },
{ "type": "Feature", "properties": { "fid": 81, "centroid": "", "site_code": "CLA58", "name": "Tarquinia - Palazzo Vitelleschi (settlement) ", "parent_context": null, "chron_orig": null, "c_appr": 1, "typology": "settlement", "c_notes": "\"Palazzo Vitelleschi” occupies a pivotal node in Tarquinia’s historic centre (medieval Corneto) and forms a stratified palimpsest. The 15th-century palace visible today—promoted by Cardinal Giovanni (Maria) Vitelleschi and built mainly in the first half of the fifteenth century—incorporates and reuses late-medieval pre-existing buildings, whose irregular plan strongly conditioned the final layout of the Renaissance complex.\n\nArchaeological work documented both standing medieval fabric and subfloor stratigraphy, effectively preserving a “fossilised” corner of the medieval town within the later palace. In the north-western sector (Area D), a “proto-palace” developed through several phases between the 12th century (when only the tower was present) and the 15th century. Behind this area there is now a corridor connecting to the north-eastern sector, which in the medieval phase was occupied by a narrow street parallel to Via Mazzini. This street separated the “proto-palace” from sector A3, interpreted as a long rectangular house (or a row of houses). Beneath the medieval street—abandoned toward the end of the 14th century / beginning of the 15th century—excavators found a cluster of rock-cut pits backfilled with domestic refuse. Some pits appear to have been filled relatively late, while others must have been out of use for decades, since open pits would have obstructed passage along the street. Overall, the filling of these features spans from the second half of the 12th century to the final phase of the street.\n\nThe pit deposits contained “everyday” refuse (food debris, broken pottery) but also an exceptional concentration of intact vessels, personal objects (coins, seals, luxury items), and animal carcasses, suggesting a purposeful clearance episode rather than slow, gradual accumulation. The associated assemblage includes both local wares and wide-ranging imports (e.g., from Pisa, Liguria, Spain, North Africa, and the Near East), consistent with Corneto’s role as a port and with the high status of the household occupying the proto-palace. The same deposits also yielded rich archaeobotanical evidence (carbonised and mineralised) and a very large faunal sample.\n\nBibliography: Clark et al. 1989. \"The Food Refuse of an Affluent Urban Household in the Late Fourteenth Century:\nFaunal and Botanical Remains from the Palazzo Vitelleschi, Tarquinia (Viterbo)\". In: Papers of the British School at Rome , 1989, Vol. 57 (1989), pp. 200-321.", "site_name_brain": "Tarquinia - Palazzo Vitelleschi", "macro_context_name": null, "site_id": 319, "source_type": "bibliography georeferenced", "source": "Clark et alii 1989", "bibliography": "Clark, G.,_Costantini, L.,_Finetti, A.,_Giorgi, J.,_Jones, A.,_Reese, D.,_Sutherland, S.,_Whitehouse, D._1989_The food refuse of an affluent urban household in the late fourteenth century: Faunal and botanical remains from the Palazzo Vitelleschi, Tarquinia (Viterbo)_Papers of the British School at Rome, 57_200-321", "region": "Lazio", "province": "Viterbo", "chronology_iccd": "Basso Medioevo", "parent_chronology_iccd": "Medioevo", "osm_wikipedia": "it:Palazzo Vitelleschi", "osm_wikimedia_commons": null, "osm_wikidata": "Q3361336", "osm_website": null }, "geometry": { "type": "MultiPolygon", "coordinates": [ [ [ [ 11.755968507686635, 42.253769568187309 ], [ 11.755993643308841, 42.253707340552872 ], [ 11.755648941108687, 42.253618020120271 ], [ 11.755478293792436, 42.253863197062934 ], [ 11.755283225538928, 42.254045692430211 ], [ 11.755380932818763, 42.2541225626765 ], [ 11.755385530839156, 42.254118622527471 ], [ 11.755456585073857, 42.254175458282397 ], [ 11.755450006784409, 42.254192044286086 ], [ 11.755524012471842, 42.254235071254065 ], [ 11.75582234220577, 42.253995735451376 ], [ 11.755900518830607, 42.253910173457683 ], [ 11.755929471425548, 42.253850297653358 ], [ 11.756052362949085, 42.25388393021904 ], [ 11.75610344894352, 42.253807907654249 ], [ 11.755968507686635, 42.253769568187309 ] ] ] ] } },
{ "type": "Feature", "properties": { "fid": 84, "centroid": null, "site_code": "CLA72", "name": "Submerged Well 112 (Pyrgi coast)", "parent_context": null, "chron_orig": null, "c_appr": 2, "typology": "underwater", "c_notes": "Well 112 is the lower, still-preserved portion of a circular Etruscan well identified on the seabed within the “Pyrgi Sommersa” underwater archaeological map, in the stretch of water between the medieval castle of Santa Severa and the monumental sanctuary. It lies ca. 68 m from the present shoreline and at about 2.5 m water depth, almost in front of the mouth of the Fosso del Caolino. \n\nStructurally, what survives is a circular stone-and-clay lining: about 70 cm in diameter, with a stone facing ~30 cm thick, preserved for a maximum height of ~35 cm. The lining is made of stones of different sizes (including limestone blocks, trachyte pebbles, and rarer tuffs). Within the well perimeter, materials were found still in situ in a dark, clayey fill undergoing erosion; recovery required excavating the muddy deposit for roughly 30–35 cm. The fill contained an assemblage of ceramicslead pieces, animal bones, and wooden artefacts.\n\nChronologically, the well was likely built/used in the Late Etruscan period (possibly 4th c. BC) and closed/filled in Republican times (III/II BC); interpretation remains open between an ordinary water well later filled by accident/intentional dumping and a deliberate “obliteration” (ritual closing) deposit. \n\nBibliography: Flavio Enei, Pyrgi sommersa. I risultati delle nuove indagini subacquee, in Annali della Fondazione per il Museo “Claudio Faina” XXV (2018), pp. 347–361; Flavio Enei, Storia e archeologia dei porti ceretani di Pyrgi e Castrum Novum alla luce delle recenti scoperte, in Il Mediterraneo e la Storia II. Seamen, Ports and Navigation (Acta Instituti Romani Finlandiae 45), 2017 (estratto), pp. 234–244.", "site_name_brain": null, "macro_context_name": null, "site_id": 827, "source_type": "bibliography georeferenced", "source": "Enei 2018, fig. 4", "bibliography": "Kodýdková, K.,_Beneš, J.,_Komárková, V.,_Paclíková, K._2013_Pilot archaeobotanical analysis of the sediment the well 112 in Pyrgi, Santa Severa_Archaeologia maritima mediterranea: International Journal on Underwater Archaeology: 10, 2013_181-190", "region": "Lazio", "province": "Roma", "chronology_iccd": null, "parent_chronology_iccd": "Periodo Etrusco Arcaico", "osm_wikipedia": null, "osm_wikimedia_commons": null, "osm_wikidata": null, "osm_website": null }, "geometry": { "type": "MultiPolygon", "coordinates": [ [ ] ] } },
{ "type": "Feature", "properties": { "fid": 88, "centroid": null, "site_code": "CLA82", "name": "Luni sul Mignone (settlemnt)", "parent_context": null, "chron_orig": null, "c_appr": 3, "typology": "settlement", "c_notes": null, "site_name_brain": null, "macro_context_name": null, "site_id": 829, "source_type": null, "source": null, "bibliography": "Costantini, L._2002_Italia centro-meridionale_Storia dell’agricoltura italiana, 1_221-233 ; Helbaek, 1976. Luni sul Mignone e problemi della preistoria italiana", "region": "Lazio", "province": "Viterbo", "chronology_iccd": "Basso Medioevo", "parent_chronology_iccd": "Medioevo ; Periodo Etrusco Arcaico ; Periodo Orientalizzante", "osm_wikipedia": null, "osm_wikimedia_commons": null, "osm_wikidata": null, "osm_website": null }, "geometry": { "type": "MultiPolygon", "coordinates": [ [ ] ] } },
{ "type": "Feature", "properties": { "fid": 91, "centroid": "", "site_code": "CMA1", "name": "Senigallia (settlement)", "parent_context": null, "chron_orig": null, "c_appr": 3, "typology": "settlement", "c_notes": null, "site_name_brain": "Senigallia", "macro_context_name": null, "site_id": 458, "source_type": null, "source": null, "bibliography": "Lepore, G.,_Ciuccarelli, M. R.,_Assenti, G.,_Belfiori, F.,_Boschi, F.,_Carra, M.,_Visani, F._2012_Progetto “archeologia urbana a Senigallia” I: le ricerche di via Cavallotti_FOLD&R_248, 1-19", "region": "Marche", "province": "Ancona", "chronology_iccd": "Periodo Tardo Repubblicano (Roma)", "parent_chronology_iccd": "Periodo Arcaico (Roma) ; Periodo Repubblicano (Roma) ; da identificare", "osm_wikipedia": null, "osm_wikimedia_commons": null, "osm_wikidata": null, "osm_website": null }, "geometry": { "type": "MultiPolygon", "coordinates": [ [ [ [ 13.218356505248753, 43.713115372029215 ], [ 13.218355874259238, 43.713106392502496 ], [ 13.218343494752162, 43.713106850192588 ], [ 13.218344125739836, 43.713115829719435 ], [ 13.218356505248753, 43.713115372029215 ] ] ] ] } },
{ "type": "Feature", "properties": { "fid": 96, "centroid": "", "site_code": "CMA3", "name": "Suasa (settlement)", "parent_context": null, "chron_orig": null, "c_appr": 3, "typology": "settlement", "c_notes": null, "site_name_brain": "Suasa", "macro_context_name": null, "site_id": 460, "source_type": null, "source": null, "bibliography": "Carra, M._2010_Castello di Gerione: l’utilizzo delle risorse vegetali. Analisi dei macroresti prelevati nelle campagne di scavo 2008 e 2009_Castello di Gerione. Ricerche topografiche e scavi. Atlante tematico di Topografia Antica_159-174 ; Giorgi, E.,_Lepore, G.,_Carra, M._2010_Archeologia nella valle del Cesano da Suasa a Santa Maria in Portuno_Atti del Convegno per i venti anni di ricerche dell’Università di Bologna (Castelleone di Suasa, Corinaldo, San Lorenzo in Campo, 18-19 dicembre 2008), ", "region": "Marche", "province": "Ancona", "chronology_iccd": "Età tardoimperiale", "parent_chronology_iccd": "Medioevo ; Periodo Imperiale (Roma) ; Periodo Repubblicano (Roma) ; Rinascimento", "osm_wikipedia": null, "osm_wikimedia_commons": null, "osm_wikidata": null, "osm_website": null }, "geometry": { "type": "MultiPolygon", "coordinates": [ [ [ [ 12.976375921551476, 43.607393164769832 ], [ 12.976375328888199, 43.607384182354558 ], [ 12.97636296733833, 43.60738461300754 ], [ 12.976363559999774, 43.607393595422934 ], [ 12.976375921551476, 43.607393164769832 ] ] ] ] } },
{ "type": "Feature", "properties": { "fid": 99, "centroid": "", "site_code": "CMA6", "name": "Maddalena di Muccia (settlement)", "parent_context": null, "chron_orig": null, "c_appr": 3, "typology": "settlement", "c_notes": null, "site_name_brain": "Maddalena di Muccia", "macro_context_name": null, "site_id": 463, "source_type": null, "source": null, "bibliography": "Manfredini, A.,_Carboni, G.,_Conati Barbaro, C.,_Silvestrini, M.,_Fiorentino, G._2005_La frequentazione eneolitica di Maddalena di Muccia, Macerata_Atti della XXXVIII Riunione scientifica: preistoria e protostoria delle Marche: Portonovo, Abbadia di Fiastra, 1-5 ottobre 2003 - vol. I-II_433-444", "region": "Marche", "province": "Macerata", "chronology_iccd": "Laterza (facies)", "parent_chronology_iccd": "Eneolitico", "osm_wikipedia": null, "osm_wikimedia_commons": null, "osm_wikidata": null, "osm_website": null }, "geometry": { "type": "MultiPolygon", "coordinates": [ [ [ [ 13.056950867570459, 43.074726495855103 ], [ 13.056950274056444, 43.074717513490192 ], [ 13.056938021319317, 43.074717948588919 ], [ 13.05693861483155, 43.074726930953972 ], [ 13.056950867570459, 43.074726495855103 ] ] ] ] } },
{ "type": "Feature", "properties": { "fid": 101, "centroid": "", "site_code": "CMO3", "name": "Gerione (settlement)", "parent_context": null, "chron_orig": null, "c_appr": 3, "typology": "settlement", "c_notes": null, "site_name_brain": "Gerione", "macro_context_name": null, "site_id": 467, "source_type": null, "source": null, "bibliography": "Carra, M._2010_Castello di Gerione: l’utilizzo delle risorse vegetali. Analisi dei macroresti prelevati nelle campagne di scavo 2008 e 2009_Castello di Gerione. Ricerche topografiche e scavi. Atlante tematico di Topografia Antica_159-174", "region": "Molise", "province": "Campobasso", "chronology_iccd": "Basso Medioevo", "parent_chronology_iccd": "Medioevo ; Rinascimento", "osm_wikipedia": null, "osm_wikimedia_commons": null, "osm_wikidata": null, "osm_website": null }, "geometry": { "type": "MultiPolygon", "coordinates": [ [ [ [ 14.833339721228851, 41.733337508817691 ], [ 14.833338907692845, 41.733328548468627 ], [ 14.833326945438637, 41.733329157848551 ], [ 14.833327758972997, 41.733338118197814 ], [ 14.833339721228851, 41.733337508817691 ] ] ] ] } },
{ "type": "Feature", "properties": { "fid": 105, "centroid": "", "site_code": "CTO11", "name": "Podere Marzuolo (settlement)", "parent_context": null, "chron_orig": null, "c_appr": 3, "typology": "settlement", "c_notes": null, "site_name_brain": "Podere Marzuolo", "macro_context_name": null, "site_id": 648, "source_type": null, "source": null, "bibliography": "Mercuri, A.M.,_Rattighieri, E.,_Rinaldi, R._2021_The Roman Peasant Project 2009-2014: Excavating the Roman Rural Poor (Vol. 154)_University of Pennsylvania Press_317-336", "region": "Toscana", "province": "Grosseto", "chronology_iccd": "Età altoimperiale ; Periodo Tardo Repubblicano (Roma)", "parent_chronology_iccd": "Periodo Imperiale (Roma) ; Periodo Repubblicano (Roma)", "osm_wikipedia": null, "osm_wikimedia_commons": null, "osm_wikidata": null, "osm_website": null }, "geometry": { "type": "MultiPolygon", "coordinates": [ [ [ [ 11.407064633480219, 42.957526591955101 ], [ 11.407064282587131, 42.95751759475835 ], [ 11.407052033187339, 42.957517852488969 ], [ 11.407052384078645, 42.957526849685792 ], [ 11.407064633480219, 42.957526591955101 ] ] ] ] } },
{ "type": "Feature", "properties": { "fid": 112, "centroid": null, "site_code": null, "name": "Stagno - Pratini dell'Argin Traverso (settlement)", "parent_context": null, "chron_orig": null, "c_appr": 1, "typology": "settlement", "c_notes": "In 1984, a group of speleologists from the Rome section of the Italian Alpine Club (C.A.I.) discovered and reported the presence of ceramic fragments in chambers B, C, D, and E of Grotta dello Sventatoio. A subsequent inspection made it possible to systematically collect all the material found on the surface, leading to the identification of about 8,000 coarse-ware ceramic sherds, belonging to at least 400 vessels. \n\nIn addition to the pottery, a number of bronze objects, bone and stone artefacts, faunal remains, and some human bones of infants were recovered. Several vessels, found almost intact, contained seeds of wheat, barley, and broad beans. The finds indicate that the cave, used as a cult place, was frequented throughout the entire Middle Bronze Age.\n\n(description taken from: https://sabinasacra.lad-sapienza.it/monumento/?tb=luogo_di_interesse&id=434 ; author: L. Alessandri - persional tradution)", "site_name_brain": "Stagno - Pratini dell'Argin Traverso", "macro_context_name": null, "site_id": null, "source_type": "site", "source": "https://sabinasacra.lad-sapienza.it/", "bibliography": "Giachi, G.,_Secci, M. M.,_Pignatelli, O.,_Gambogi, P.,_Lippi, M. M._2010_The prehistoric pile-dwelling settlement of Stagno (Leghorn, Italy): wood and food resource exploitation_Journal of Archaeological Science, 37(6)_1260-1268", "region": null, "province": null, "chronology_iccd": "Età del Bronzo finale ; Età del Bronzo recente", "parent_chronology_iccd": "Età del Bronzo", "osm_wikipedia": null, "osm_wikimedia_commons": null, "osm_wikidata": null, "osm_website": null }, "geometry": { "type": "MultiPolygon", "coordinates": [ [ ] ] } },
{ "type": "Feature", "properties": { "fid": 117, "centroid": "", "site_code": "CAB1", "name": "Trench 8000", "parent_context": null, "chron_orig": null, "c_appr": 3, "typology": "settlement", "c_notes": null, "site_name_brain": "Acquachiara", "macro_context_name": null, "site_id": 2, "source_type": null, "source": null, "bibliography": "Shelton, C. P._2009_Food, Economy, and Identity in the Sangro River Valley, Abruzzo, Italy, 650 BC-AD 150_ProQuest_1-361", "region": "Abruzzo", "province": "Chieti", "chronology_iccd": "Prima Repubblica (Roma) ; cultura Sannita", "parent_chronology_iccd": "Età del Ferro ; Periodo Repubblicano (Roma)", "osm_wikipedia": null, "osm_wikimedia_commons": null, "osm_wikidata": null, "osm_website": null }, "geometry": { "type": "MultiPolygon", "coordinates": [ [ [ [ 14.391395282677683, 42.033615311142547 ], [ 14.391394522629737, 42.033606344453787 ], [ 14.391382495100929, 42.033606911079289 ], [ 14.391383255147204, 42.03361587776822 ], [ 14.391395282677683, 42.033615311142547 ] ] ] ] } },
{ "type": "Feature", "properties": { "fid": 118, "centroid": "", "site_code": "CAB1", "name": "Trench 10000", "parent_context": null, "chron_orig": null, "c_appr": 3, "typology": "settlement", "c_notes": null, "site_name_brain": "Acquachiara", "macro_context_name": null, "site_id": 2, "source_type": null, "source": null, "bibliography": "Shelton, C. P._2009_Food, Economy, and Identity in the Sangro River Valley, Abruzzo, Italy, 650 BC-AD 150_ProQuest_1-361", "region": "Abruzzo", "province": "Chieti", "chronology_iccd": "Età altoimperiale", "parent_chronology_iccd": "Periodo Imperiale (Roma)", "osm_wikipedia": null, "osm_wikimedia_commons": null, "osm_wikidata": null, "osm_website": null }, "geometry": { "type": "MultiPolygon", "coordinates": [ [ [ [ 14.391395282677683, 42.033615311142547 ], [ 14.391394522629737, 42.033606344453787 ], [ 14.391382495100929, 42.033606911079289 ], [ 14.391383255147204, 42.03361587776822 ], [ 14.391395282677683, 42.033615311142547 ] ] ] ] } },
{ "type": "Feature", "properties": { "fid": 168, "centroid": null, "site_code": "CAB10", "name": "Villaggio Leopardi - Penne (settlement)", "parent_context": null, "chron_orig": null, "c_appr": 3, "typology": "settlement", "c_notes": null, "site_name_brain": null, "macro_context_name": null, "site_id": 809, "source_type": null, "source": null, "bibliography": "Evett, D.,_Renfrew, J._1971_L'AGRICOLTURA NEOLITICA ITALIANA: UNA NOTA SUI CEREALI L'AGRICULTURE NEOLITHIQUE ITALIENNE: NOTICE SUR LES CEREALES._Riv. Sci. Preist, 26(2)_403-409", "region": "Abruzzo", "province": "Pescara", "chronology_iccd": null, "parent_chronology_iccd": "Neolitico", "osm_wikipedia": null, "osm_wikimedia_commons": null, "osm_wikidata": null, "osm_website": null }, "geometry": { "type": "MultiPolygon", "coordinates": [ [ ] ] } },
{ "type": "Feature", "properties": { "fid": 170, "centroid": "", "site_code": "CAB2", "name": "Ortucchio - Le Coste (settlement)", "parent_context": null, "chron_orig": null, "c_appr": 3, "typology": "settlement", "c_notes": null, "site_name_brain": "Ortucchio - Le Coste", "macro_context_name": null, "site_id": 3, "source_type": null, "source": null, "bibliography": "Anzidei, A. P.,_Carboni, G.,_Castagna, M. A.,_Celant, A.,_Cianca, M.,_Egidi, R.,Favorito, S.,_Funiciello, R.,_Giordano, G.,_Malvone, M.,_Tagliacozzo, A._2007_L’abitato eneolitico di Osteria del Curato-via Cinquefrondi: nuovi dati sulle facies archeologiche di Laterza e Ortucchio nel territorio di Roma_Atti della XL Riunione Scientifica dell’Instituto Italiano di Preistoria e Protostoria. Strategie di insediamento fra Lazio e Campania in età preistorica e protostorica_477-508 ; Castiglioni E.,_Ro", "region": "Abruzzo", "province": "L'Aquila", "chronology_iccd": null, "parent_chronology_iccd": "Eneolitico ; Età del Bronzo", "osm_wikipedia": null, "osm_wikimedia_commons": null, "osm_wikidata": null, "osm_website": null }, "geometry": { "type": "MultiPolygon", "coordinates": [ [ [ [ 13.222831317120896, 41.98766538036795 ], [ 13.222830722430919, 41.987656398182253 ], [ 13.222818682879943, 41.987656841853877 ], [ 13.222819277568238, 41.987665824039716 ], [ 13.222831317120896, 41.98766538036795 ] ] ] ] } },
{ "type": "Feature", "properties": { "fid": 174, "centroid": "", "site_code": "CAB3", "name": "Catignano (settlement)", "parent_context": null, "chron_orig": null, "c_appr": 3, "typology": "settlement", "c_notes": null, "site_name_brain": "Catignano", "macro_context_name": null, "site_id": 4, "source_type": null, "source": null, "bibliography": "Castiglioni E.,_Rottoli, M._1983_Nuovi dati archeobotanici per la preistoria dell’Abruzzo. Cosentino (ed.)_657-661 ; Castiglioni, E._2003_I carboni di legna_207-215 ; Costantini, L.,_Tozzi, C._1983_Un gisement à cenamique imprimée dans le subapennin de la Daunia (Lucera, Foggia: le village de Ripa Tetta)_In Economie et culture matérielle, Actes du colloque International du CNRS, Montpellier_26-29 ; Costantini, L._2002_Italia centro-meridionale_Storia dell’agricoltura italiana, 1_221-233", "region": "Abruzzo", "province": "Pescara", "chronology_iccd": "Neolitico Medio", "parent_chronology_iccd": "Neolitico", "osm_wikipedia": null, "osm_wikimedia_commons": null, "osm_wikidata": null, "osm_website": null }, "geometry": { "type": "MultiPolygon", "coordinates": [ [ [ [ 13.945006400115279, 42.345282002578742 ], [ 13.945005695182815, 42.345273030044062 ], [ 13.944993599885574, 42.345273552976401 ], [ 13.944994304816335, 42.345282525511251 ], [ 13.945006400115279, 42.345282002578742 ] ] ] ] } },
{ "type": "Feature", "properties": { "fid": 196, "centroid": "", "site_code": "CAB4", "name": "Tortoreto (settlement)", "parent_context": null, "chron_orig": null, "c_appr": 3, "typology": "settlement", "c_notes": null, "site_name_brain": "Tortoreto", "macro_context_name": null, "site_id": 5, "source_type": null, "source": null, "bibliography": "Costantini, L._2002_Italia centro-meridionale_Storia dell’agricoltura italiana, 1_221-233", "region": "Abruzzo", "province": "Teramo", "chronology_iccd": "Età del Bronzo antico ; Età del Bronzo medio", "parent_chronology_iccd": "Età del Bronzo", "osm_wikipedia": null, "osm_wikimedia_commons": null, "osm_wikidata": null, "osm_website": null }, "geometry": { "type": "MultiPolygon", "coordinates": [ [ [ [ 13.916548115108885, 42.803415334995336 ], [ 13.916547402902903, 42.803406362793503 ], [ 13.916535218225322, 42.803406887226473 ], [ 13.916535930429557, 42.803415859428462 ], [ 13.916548115108885, 42.803415334995336 ] ] ] ] } },
{ "type": "Feature", "properties": { "fid": 199, "centroid": null, "site_code": "CAB5", "name": "Ripoli (settlement)", "parent_context": null, "chron_orig": null, "c_appr": 3, "typology": "settlement", "c_notes": null, "site_name_brain": null, "macro_context_name": null, "site_id": null, "source_type": null, "source": null, "bibliography": "Costantini, L._2002_Italia centro-meridionale_Storia dell’agricoltura italiana, 1_221-233 ; Evett, D.,_Renfrew, J._1971_L'AGRICOLTURA NEOLITICA ITALIANA: UNA NOTA SUI CEREALI L'AGRICULTURE NEOLITHIQUE ITALIENNE: NOTICE SUR LES CEREALES._Riv. Sci. Preist, 26(2)_403-409", "region": null, "province": null, "chronology_iccd": "Neolitico Medio ; Neolitico Finale", "parent_chronology_iccd": "Neolitico", "osm_wikipedia": null, "osm_wikimedia_commons": null, "osm_wikidata": null, "osm_website": null }, "geometry": { "type": "MultiPolygon", "coordinates": [ [ ] ] } },
{ "type": "Feature", "properties": { "fid": 202, "centroid": "", "site_code": "CAB6", "name": "Celano - Le paludi (settlement)", "parent_context": null, "chron_orig": null, "c_appr": 3, "typology": "settlement", "c_notes": null, "site_name_brain": "Alba Fucens", "macro_context_name": null, "site_id": 1, "source_type": null, "source": null, "bibliography": "Costantini, L._2002_Italia centro-meridionale_Storia dell’agricoltura italiana, 1_221-233 ; Coubray, S._1991_Indagini paletnobotaniche presso il sito abruzzese di età protostorica delle Paludi di Celano_\"Atti del Convegno di Archeologia” Il Fucino e le aree limitrofe nell’antichità, Avezzano 1989_174-198", "region": "Abruzzo", "province": "L'Aquila", "chronology_iccd": "Età del Bronzo medio", "parent_chronology_iccd": "Età del Bronzo", "osm_wikipedia": null, "osm_wikimedia_commons": null, "osm_wikidata": null, "osm_website": null }, "geometry": { "type": "MultiPolygon", "coordinates": [ [ [ [ 13.411281338596392, 42.080051479997621 ], [ 13.411280715404617, 42.080042500191169 ], [ 13.411268661404447, 42.080042964446392 ], [ 13.411269284594534, 42.080051944253 ], [ 13.411281338596392, 42.080051479997621 ] ] ] ] } },
{ "type": "Feature", "properties": { "fid": 205, "centroid": null, "site_code": "CAB7", "name": "Settefonti (settlement)", "parent_context": null, "chron_orig": null, "c_appr": 3, "typology": "settlement", "c_notes": null, "site_name_brain": null, "macro_context_name": null, "site_id": 806, "source_type": null, "source": null, "bibliography": "Castiglioni E.,_Rottoli, M._1983_Nuovi dati archeobotanici per la preistoria dell’Abruzzo. Cosentino (ed.)_657-661", "region": "Abruzzo", "province": "Teramo", "chronology_iccd": null, "parent_chronology_iccd": "Neolitico", "osm_wikipedia": null, "osm_wikimedia_commons": null, "osm_wikidata": null, "osm_website": null }, "geometry": { "type": "MultiPolygon", "coordinates": [ [ ] ] } },
{ "type": "Feature", "properties": { "fid": 207, "centroid": null, "site_code": "CAB8", "name": "Colle Santo Stefano (settlement)", "parent_context": null, "chron_orig": null, "c_appr": 3, "typology": "settlement", "c_notes": null, "site_name_brain": null, "macro_context_name": null, "site_id": 807, "source_type": null, "source": null, "bibliography": "Castiglioni E.,_Rottoli, M._1983_Nuovi dati archeobotanici per la preistoria dell’Abruzzo. Cosentino (ed.)_657-661", "region": "Abruzzo", "province": "L'Aquila", "chronology_iccd": null, "parent_chronology_iccd": "Neolitico", "osm_wikipedia": null, "osm_wikimedia_commons": null, "osm_wikidata": null, "osm_website": null }, "geometry": { "type": "MultiPolygon", "coordinates": [ [ ] ] } },
{ "type": "Feature", "properties": { "fid": 209, "centroid": null, "site_code": "CAB9", "name": "Grotta S'Angelo (settlement)", "parent_context": null, "chron_orig": null, "c_appr": 3, "typology": "settlement", "c_notes": null, "site_name_brain": null, "macro_context_name": null, "site_id": 808, "source_type": null, "source": null, "bibliography": "Castelletti, L._1996_Mele e pere selvatiche (Malus sylvestris e Pyrus sp.) carbonizzate_La grotta Sant’Angelo sulla Montagna dei Fiori (Teramo). Le testimonianze dal Neolitico all’Età del Bronzo ed il problema delle frequentazioni culturali in grotto_295-303", "region": "Abruzzo", "province": "L'Aquila", "chronology_iccd": null, "parent_chronology_iccd": "Neolitico", "osm_wikipedia": null, "osm_wikimedia_commons": null, "osm_wikidata": null, "osm_website": null }, "geometry": { "type": "MultiPolygon", "coordinates": [ [ ] ] } },
{ "type": "Feature", "properties": { "fid": 211, "centroid": "", "site_code": "CLA1", "name": "Selva dei Muli (settlement)", "parent_context": null, "chron_orig": null, "c_appr": 2, "typology": "settlement", "c_notes": "At Selva dei Muli, on the northeastern slope of the small volcanic cone, preventive excavations uncovered a portion of a Copper Age (Eneolithic) village attributed to the Gaudo facies. The investigated area covers roughly 4 hectares and revealed an impressive defensive complex consisting of a ditch and at least one palisade, enclosing residential and ancillary structures as well as activity areas.\n\nBased on the data collected, the village appears to have had two phases of stable occupation: the first belongs to an early phase of the Gaudo facies (3120–3010 BC); the second reflects use of the area after the settlement’s abandonment, assignable to the fully Eneolithic phase associated with the Laterza facies (2820–2660 BC). The presence of artifacts such as net weights, spindle whorls, querns and handstones, and flint tools, together with structures interpreted as livestock shelters, suggests a diversified subsistence strategy involving fishing, cultivation, animal husbandry, and perhaps hunting. Moreover, the discovery of three pieces of obsidian originating from Lipari and Palmarola points to a network of long-distance contacts.\n\nSource: MOSI record ID SABAP-LAZ_FR_2020_D810_001, author Pagliarosi, Davide (content manager: Pagliarosi, Davide), compiled in 2022, https://gna.cultura.gov.it (original in Italian; personal translation).", "site_name_brain": "Selva dei Muli", "macro_context_name": null, "site_id": 264, "source_type": "external source", "source": "GNA", "bibliography": "Celant, A._2011_Antracologia, utilizzazione del legno e ricostruzione paleoambientale dell’insediamento eneolitico di Selva dei Muli (Frosinone)_ORIGINI, 33_233-237", "region": "Lazio", "province": "Frosinone", "chronology_iccd": "Gaudo (facies) ; Laterza (facies)", "parent_chronology_iccd": "Eneolitico", "osm_wikipedia": null, "osm_wikimedia_commons": null, "osm_wikidata": null, "osm_website": null }, "geometry": { "type": "MultiPolygon", "coordinates": [ [ [ [ 13.305386915, 41.633175566 ], [ 13.305173666, 41.629580449 ], [ 13.303088567, 41.630554515 ], [ 13.301060645963151, 41.630882016970808 ], [ 13.298657732, 41.632573443 ], [ 13.305386915, 41.633175566 ] ] ] ] } },
{ "type": "Feature", "properties": { "fid": 216, "centroid": "", "site_code": "CLA2", "name": "Casale Nuovo (settlement)", "parent_context": null, "chron_orig": null, "c_appr": 1, "typology": "settlement", "c_notes": null, "site_name_brain": "Casale Nuovo", "macro_context_name": null, "site_id": 265, "source_type": "external project", "source": "GNA", "bibliography": "Costantini, 1993. La parola del passato ; Costantini, L.,_Costantini Biasini, L._2007_Economia agricola del Lazio a sud del Tevere tra Bronzo antico e Bronzo medio_Atti della XL riunione scientifica Istituto Italiano di Preistoria e Protostoria_ 787-801", "region": "Lazio", "province": "Latina", "chronology_iccd": "Età del Bronzo finale ; Età del Bronzo antico ; Età del Bronzo medio", "parent_chronology_iccd": "Età del Bronzo", "osm_wikipedia": null, "osm_wikimedia_commons": null, "osm_wikidata": null, "osm_website": null }, "geometry": { "type": "MultiPolygon", "coordinates": [ [ [ [ 12.763970839, 41.455661249 ], [ 12.76397030883208, 41.455652261694333 ], [ 12.763858018, 41.455509048 ], [ 12.763719397, 41.455563385 ], [ 12.763490895, 41.455558878 ], [ 12.763124682, 41.455618971 ], [ 12.762853912, 41.455779627 ], [ 12.762447756, 41.45615167 ], [ 12.76219955, 41.456439157 ], [ 12.762120575, 41.4565829 ], [ 12.762095479, 41.456755429 ], [ 12.761904214, 41.456929304 ], [ 12.761776434, 41.457133503 ], [ 12.762278525, 41.457631368 ], [ 12.762616988, 41.457715921 ], [ 12.762853912, 41.457758197 ], [ 12.763451863, 41.457792018 ], [ 12.764027387, 41.45774342 ], [ 12.76407385, 41.457635887 ], [ 12.764320584, 41.457487627 ], [ 12.764557508, 41.457157868 ], [ 12.764546226, 41.456954939 ], [ 12.763958885029929, 41.455661647593523 ], [ 12.763970839, 41.455661249 ] ] ] ] } },
{ "type": "Feature", "properties": { "fid": 220, "centroid": null, "site_code": "CLA4", "name": "Sezze - Grotta Vittorio Vecchi (settlement)", "parent_context": null, "chron_orig": null, "c_appr": 1, "typology": "funerary", "c_notes": "Grotta Vittorio Vecchi is a karst cave on the southern flank of Monte Fulcino (near Sezze Romano, LT), discovered in 1987 by speleologists after the recognition of pottery and metal finds mixed with human skeletal remains. The cave develops along intersecting fractures and, beyond a steep access passage, opens into a sequence of chambers and niches (including the “Sala Appenninica”, the “Strettoia degli Scheletri”, and the “Sala dei Sette”). Two excavation campaigns (1988 and 1989), preceded by systematic surface mapping and gridding, documented the cave’s primary use as a funerary context with associated ritual activity, broadly dating to the late phase of the Early Bronze Age through the Middle Bronze Age; the assemblage included numerous human remains (with a significant infant component) and abundant carbonised botanical remains alongside pottery and occasional metal objects. Bibliography: Guidi & Rosini, Materiali protostorici dalla grotta Vittorio Vecchi (Sezze Romano, LT).NULL", "site_name_brain": null, "macro_context_name": null, "site_id": 848, "source_type": "bibliography - georeferenced", "source": "Guidi and Rosini, 2019, fig. 1", "bibliography": "Costantini, L.,_Costantini Biasini, L._2007_Economia agricola del Lazio a sud del Tevere tra Bronzo antico e Bronzo medio_Atti della XL riunione scientifica Istituto Italiano di Preistoria e Protostoria_ 787-801", "region": "Lazio", "province": "Latina", "chronology_iccd": "Età del Bronzo medio", "parent_chronology_iccd": "Età del Bronzo", "osm_wikipedia": null, "osm_wikimedia_commons": null, "osm_wikidata": null, "osm_website": null }, "geometry": { "type": "MultiPolygon", "coordinates": [ [ ] ] } },
{ "type": "Feature", "properties": { "fid": 222, "centroid": "", "site_code": "CLA5", "name": "Privernum - Domus della Soglia Nilotica (settlement)", "parent_context": null, "chron_orig": null, "c_appr": 3, "typology": "settlement", "c_notes": null, "site_name_brain": "Privernum - Domus della Soglia Nilotica", "macro_context_name": null, "site_id": 267, "source_type": null, "source": null, "bibliography": "Sadori, L.,_Giardini, M.,_Susanna, F._2010_The plant landscape as inferred from a basket of the Roman town of Privernum (Latium, central Italy)_Plant Biosystems, 144(4)_874-887", "region": "Lazio", "province": "Latina", "chronology_iccd": "Età altoimperiale", "parent_chronology_iccd": "Periodo Imperiale (Roma)", "osm_wikipedia": null, "osm_wikimedia_commons": null, "osm_wikidata": null, "osm_website": null }, "geometry": { "type": "MultiPolygon", "coordinates": [ [ [ [ 13.184172929942857, 41.489726496231071 ], [ 13.184172350889746, 41.489717512819404 ], [ 13.184160403391292, 41.489717948212984 ], [ 13.184160982442762, 41.489726931624773 ], [ 13.184172929942857, 41.489726496231071 ] ] ] ] } },
{ "type": "Feature", "properties": { "fid": 227, "centroid": null, "site_code": "CLA7", "name": "Rieti - Cures Sabini (settlement)", "parent_context": null, "chron_orig": null, "c_appr": 3, "typology": "settlement", "c_notes": null, "site_name_brain": null, "macro_context_name": null, "site_id": 849, "source_type": null, "source": null, "bibliography": "Costantini, L.,_Costantini Biasini, L._1988_Paleoetnobotanica - Nota preliminare_Cures Sabini: risultati della sesta campagna di scavo. Archeologia Laziale IX, QuadAEI (16)_331-332 ; Costantini, L._2002_Italia centro-meridionale_Storia dell’agricoltura italiana, 1_221-233", "region": "Lazio", "province": "Rieti", "chronology_iccd": "Seconda età del Ferro", "parent_chronology_iccd": "Età del Ferro", "osm_wikipedia": null, "osm_wikimedia_commons": null, "osm_wikidata": null, "osm_website": null }, "geometry": { "type": "MultiPolygon", "coordinates": [ [ ] ] } },
{ "type": "Feature", "properties": { "fid": 230, "centroid": "", "site_code": "CLA9", "name": "Roma - Viminale (settlement)", "parent_context": null, "chron_orig": null, "c_appr": 1, "typology": "settlement", "c_notes": null, "site_name_brain": "Roma - Viminale", "macro_context_name": null, "site_id": 270, "source_type": "external project", "source": "OSM", "bibliography": "Masi, A.,_Ricci, G.,_Sadori, L.,_Trevisan, S._2009_Contributo archeobotanico allo studio di alcuni ambienti di età imperiale frequentati nell’alto medioevo sul colle Viminale, Roma_ Intervento presentato al convegno 104 Congresso Nazionale della Società Botanica Italiana", "region": "Lazio", "province": "Roma", "chronology_iccd": null, "parent_chronology_iccd": "Periodo Imperiale (Roma)", "osm_wikipedia": null, "osm_wikimedia_commons": null, "osm_wikidata": null, "osm_website": null }, "geometry": { "type": "MultiPolygon", "coordinates": [ [ [ [ 12.4947784, 41.8996386 ], [ 12.4939113, 41.9001018 ], [ 12.4938919, 41.9001121 ], [ 12.493379, 41.8997631 ], [ 12.493305, 41.8997127 ], [ 12.49328, 41.8996653 ], [ 12.4932972, 41.8996609 ], [ 12.4933354, 41.8996299 ], [ 12.4933555, 41.8996135 ], [ 12.4934967, 41.8996079 ], [ 12.4936566, 41.8995237 ], [ 12.4936743, 41.8995412 ], [ 12.4938661, 41.8994396 ], [ 12.4940773, 41.8993314 ], [ 12.4940624, 41.8993119 ], [ 12.4942143, 41.8992347 ], [ 12.4943609, 41.8992719 ], [ 12.4944069, 41.8992835 ], [ 12.4947784, 41.8996386 ] ] ] ] } },
{ "type": "Feature", "properties": { "fid": 232, "centroid": "", "site_code": "CLA12", "name": "Late Bronze Age - Early Iron Age remains form Caesar's Foro", "parent_context": null, "chron_orig": null, "c_appr": 2, "typology": "settlement,funerary", "c_notes": null, "site_name_brain": "Roma - Foro di Cesare", "macro_context_name": null, "site_id": 273, "source_type": "external project", "source": "OSM", "bibliography": "De Santis, A.,_Mieli, G.,_Rosa, C.,_Matteucci, R.,_Celant, A._2010_Le fasi di occupazione nell'area centrale di Roma in età protostorica: nuovi dati dagli scavi nel Foro di Cesare_Scienze dell'Antichità: 16, 2010_259-284", "region": "Lazio", "province": "Roma", "chronology_iccd": "Età del Bronzo finale", "parent_chronology_iccd": "Età del Bronzo ; Periodo Arcaico (Roma) ; da identificare", "osm_wikipedia": "en:Forum of Caesar", "osm_wikimedia_commons": "Category:Forum Iulium", "osm_wikidata": "Q856968", "osm_website": null }, "geometry": { "type": "MultiPolygon", "coordinates": [ [ [ [ 12.485354534175908, 41.893587256338357 ], [ 12.485478839920233, 41.893686443305334 ], [ 12.485794434815155, 41.89344523863565 ], [ 12.485673349426905, 41.893330593959526 ], [ 12.485354534175908, 41.893587256338357 ] ] ] ] } },
{ "type": "Feature", "properties": { "fid": 248, "centroid": "", "site_code": "CLA13", "name": "Carcer - Tullianum (sacred)", "parent_context": null, "chron_orig": null, "c_appr": 1, "typology": "sacred", "c_notes": null, "site_name_brain": "Roma - Foro Romano - Carcer - Tullianum", "macro_context_name": null, "site_id": 274, "source_type": "external project", "source": "OSM", "bibliography": "Pagnoux, C.,_Celant, A.,_Coubray, S.,_Fiorentino, G.,_Zech-Matterne, V._2013_The introduction of Citrus to Italy, with reference to the identification problems of seed remains_Vegetation History and Archaeobotany, 22_421-438", "region": "Lazio", "province": "Roma", "chronology_iccd": "Età altoimperiale", "parent_chronology_iccd": "Periodo Imperiale (Roma)", "osm_wikipedia": "it:Chiesa di San Giuseppe dei Falegnami", "osm_wikimedia_commons": "Category:San Giuseppe dei Falegnami (Rome)", "osm_wikidata": "Q1312988", "osm_website": null }, "geometry": { "type": "MultiPolygon", "coordinates": [ [ [ [ 12.4844025, 41.8930862 ], [ 12.4843297, 41.8931119 ], [ 12.4843343, 41.8931267 ], [ 12.4843236, 41.8931275 ], [ 12.4843101, 41.8931327 ], [ 12.4843008, 41.8931395 ], [ 12.4842954, 41.8931505 ], [ 12.4842967, 41.8931607 ], [ 12.4843021, 41.8931694 ], [ 12.4843129, 41.8931774 ], [ 12.4843249, 41.8931834 ], [ 12.4843396, 41.8931876 ], [ 12.4844165, 41.8931825 ], [ 12.4844199, 41.8932088 ], [ 12.4845272, 41.8932013 ], [ 12.4846207, 41.8931945 ], [ 12.4846359, 41.8931933 ], [ 12.4846283, 41.893134 ], [ 12.4846219, 41.8930852 ], [ 12.4846204, 41.8930736 ], [ 12.4845498, 41.8930786 ], [ 12.484425125982201, 41.893085032603771 ], [ 12.4844025, 41.8930862 ] ] ] ] } },
{ "type": "Feature", "properties": { "fid": 250, "centroid": "", "site_code": "CLA14", "name": "Roma - Fori Imperiali - Templum Pacis (secred)", "parent_context": null, "chron_orig": null, "c_appr": 1, "typology": "sacred", "c_notes": null, "site_name_brain": "Roma - Fori Imperiali - Templum Pacis", "macro_context_name": null, "site_id": 275, "source_type": "external project", "source": "OSM", "bibliography": "Celant, A._2005_Le rose del Templum Pacis nell’antica Roma_Informatore Botanico Italiano, 37_898-899", "region": "Lazio", "province": "Roma", "chronology_iccd": "Età altoimperiale", "parent_chronology_iccd": "Periodo Imperiale (Roma)", "osm_wikipedia": "it:Tempio della Pace", "osm_wikimedia_commons": "Category:Temple of Peace (Rome)", "osm_wikidata": "Q1456939", "osm_website": null }, "geometry": { "type": "MultiPolygon", "coordinates": [ [ [ [ 12.488291117680653, 41.892387444306799 ], [ 12.48817934103127, 41.892307747054573 ], [ 12.488099921426272, 41.892243399783354 ], [ 12.487762533031319, 41.892477600662339 ], [ 12.487632679078619, 41.892470644200586 ], [ 12.48731036301746, 41.892730352105986 ], [ 12.487098190934034, 41.892783684979378 ], [ 12.487098190934034, 41.892783684979378 ], [ 12.486984568725424, 41.892723395644197 ], [ 12.486984568725424, 41.892723395644197 ], [ 12.486673282464729, 41.892968126133312 ], [ 12.486580118347266, 41.893041370933723 ], [ 12.486761567437293, 41.893162169913538 ], [ 12.486828232434458, 41.893106030968553 ], [ 12.486893393709881, 41.893132095478727 ], [ 12.487019205095503, 41.893026834956892 ], [ 12.486982113292571, 41.893014805182965 ], [ 12.487029704028805, 41.892973798138271 ], [ 12.487103413512974, 41.89299174811628 ], [ 12.487469781932599, 41.892878176918195 ], [ 12.488291117680653, 41.892387444306799 ] ] ] ] } },
{ "type": "Feature", "properties": { "fid": 285, "centroid": "", "site_code": "CLA17", "name": "Roma - Foro Romano - Sepolcreto Arcaico (sacred)", "parent_context": null, "chron_orig": null, "c_appr": 1, "typology": "sacred,funerary", "c_notes": null, "site_name_brain": "Roma - Foro Romano - Sepolcreto Arcaico", "macro_context_name": null, "site_id": 278, "source_type": "external project", "source": "OSM", "bibliography": "Van Kampen, I.,_Rathje, A.,_Celant, A.,_Follieri, M.,_De GrossiI Mazzorin, J.,_Minniti, C._2005_The pre-Republican habitation layers of the Via sacra in Giacomo Boni’s excavation of the sepolcreto arcaico_Papers in Italian Archaeology VI, Communities and Settlements from the Neolithic to the Early Medieval Period (Vol. 1452)_745-753", "region": "Lazio", "province": "Roma", "chronology_iccd": null, "parent_chronology_iccd": "Periodo Arcaico (Roma)", "osm_wikipedia": "it:Tempio di Antonino e Faustina", "osm_wikimedia_commons": "Category:Temple of Antoninus and Faustina (Rome)", "osm_wikidata": "Q752555", "osm_website": null }, "geometry": { "type": "MultiPolygon", "coordinates": [ [ [ [ 12.4866603, 41.8919883 ], [ 12.486642535213612, 41.891966624656845 ], [ 12.486818764436325, 41.891882570120991 ], [ 12.486827762441472, 41.891895518469852 ], [ 12.486888114915002, 41.89187203587106 ], [ 12.4869693, 41.891978 ], [ 12.4869353, 41.8919796 ], [ 12.4867763, 41.8920378 ], [ 12.4867916, 41.8920899 ], [ 12.4867396, 41.8920269 ], [ 12.4866603, 41.8919883 ] ] ] ] } },
{ "type": "Feature", "properties": { "fid": 292, "centroid": "", "site_code": "CLA18", "name": "Domus Tiberiana", "parent_context": null, "chron_orig": null, "c_appr": 1, "typology": "settlement", "c_notes": null, "site_name_brain": "Roma - Palatino - Via Nova", "macro_context_name": null, "site_id": 279, "source_type": "external project", "source": "OSM", "bibliography": "Masi, A.,_Sadori, L.,_Carboni, F.,_Tomei, A.M.,_2008_IV International Meeting of Anthracology", "region": "Lazio", "province": "Roma", "chronology_iccd": "Età altoimperiale", "parent_chronology_iccd": "Periodo Imperiale (Roma)", "osm_wikipedia": "it:Casa di Livia", "osm_wikimedia_commons": null, "osm_wikidata": "Q833875", "osm_website": null }, "geometry": { "type": "MultiPolygon", "coordinates": [ [ [ [ 12.4873861, 41.8905911 ], [ 12.4873178, 41.8906146 ], [ 12.4873064, 41.8905735 ], [ 12.4871988, 41.8903936 ], [ 12.4871135, 41.8904151 ], [ 12.4868271, 41.8901607 ], [ 12.4868373, 41.8901235 ], [ 12.4868711, 41.8900864 ], [ 12.4860751, 41.8894179 ], [ 12.4860508, 41.8894331 ], [ 12.48589, 41.8893041 ], [ 12.4855188, 41.8895375 ], [ 12.4854951, 41.8895205 ], [ 12.4855042, 41.8895154 ], [ 12.4855048, 41.8895074 ], [ 12.4854854, 41.8894915 ], [ 12.4854741, 41.8894976 ], [ 12.4854574, 41.8894841 ], [ 12.4854483, 41.8894892 ], [ 12.4854538, 41.8894942 ], [ 12.485448, 41.8894987 ], [ 12.4854578, 41.8895053 ], [ 12.4854362, 41.8895217 ], [ 12.4854294, 41.8895197 ], [ 12.4854205, 41.889528 ], [ 12.4854335, 41.8895359 ], [ 12.4854095, 41.889552 ], [ 12.4853992, 41.8895439 ], [ 12.4853914, 41.88955 ], [ 12.4853987, 41.889557 ], [ 12.4853838, 41.8895688 ], [ 12.4853779, 41.8895647 ], [ 12.4853685, 41.8895711 ], [ 12.485363, 41.8895681 ], [ 12.485354, 41.8895738 ], [ 12.485364, 41.8895822 ], [ 12.4853369, 41.8896007 ], [ 12.4853274, 41.889593 ], [ 12.485317, 41.8895994 ], [ 12.4853269, 41.8896071 ], [ 12.4853166, 41.8896148 ], [ 12.4853075, 41.8896064 ], [ 12.4852845, 41.8896229 ], [ 12.4852935, 41.8896296 ], [ 12.4852638, 41.8896508 ], [ 12.4852389, 41.8896306 ], [ 12.4852299, 41.8896363 ], [ 12.4852475, 41.8896497 ], [ 12.4852448, 41.8896534 ], [ 12.4852502, 41.8896581 ], [ 12.4852281, 41.8896736 ], [ 12.4852096, 41.8896595 ], [ 12.485201, 41.8896652 ], [ 12.4852186, 41.8896807 ], [ 12.4852055, 41.8896884 ], [ 12.4851879, 41.889681 ], [ 12.4850513, 41.8897629 ], [ 12.4850259, 41.8897539 ], [ 12.484980633763604, 41.889783022164899 ], [ 12.4848386, 41.8898744 ], [ 12.484853699305933, 41.889883522497335 ], [ 12.4850245, 41.8900165 ], [ 12.4850434, 41.8900095 ], [ 12.4851178, 41.8900829 ], [ 12.4851178, 41.8900829 ], [ 12.4851354, 41.8900739 ], [ 12.4852232, 41.8901604 ], [ 12.4852192, 41.8901735 ], [ 12.4852638, 41.8902087 ], [ 12.4852773, 41.8902007 ], [ 12.4852962, 41.8902168 ], [ 12.48528, 41.8902288 ], [ 12.4853255, 41.8902681 ], [ 12.4852471, 41.8903229 ], [ 12.4862342, 41.8911867 ], [ 12.4862363, 41.8911963 ], [ 12.4862637, 41.8911868 ], [ 12.4862544, 41.891177 ], [ 12.4861917, 41.8911298 ], [ 12.4862483, 41.8911123 ], [ 12.4862913, 41.8911772 ], [ 12.4863148, 41.891169 ], [ 12.4863081, 41.891158 ], [ 12.4862995, 41.8911613 ], [ 12.4862765, 41.8911306 ], [ 12.4863194, 41.8911173 ], [ 12.4863381, 41.8911488 ], [ 12.4863307, 41.8911512 ], [ 12.4863367, 41.8911614 ], [ 12.4863722, 41.891149 ], [ 12.4863662, 41.8911389 ], [ 12.4863514, 41.8911438 ], [ 12.4863331, 41.8911131 ], [ 12.486385, 41.8910963 ], [ 12.4863918, 41.8911085 ], [ 12.4864062, 41.8911047 ], [ 12.4863995, 41.8910923 ], [ 12.4864513, 41.8910771 ], [ 12.4864575, 41.8910895 ], [ 12.4864738, 41.891085 ], [ 12.4864697, 41.8910766 ], [ 12.4865208, 41.8910611 ], [ 12.4865251, 41.8910686 ], [ 12.486539, 41.8910642 ], [ 12.4865347, 41.8910567 ], [ 12.4865371, 41.8910474 ], [ 12.4865846, 41.8910322 ], [ 12.4866106, 41.891072 ], [ 12.4870314, 41.8909325 ], [ 12.4873974, 41.8908266 ], [ 12.4873882, 41.8908095 ], [ 12.4875043, 41.8907678 ], [ 12.4873861, 41.8905911 ] ] ] ] } },
{ "type": "Feature", "properties": { "fid": 295, "centroid": "", "site_code": "CLA19", "name": "Palatino - NE Area", "parent_context": "", "chron_orig": null, "c_appr": 1, "typology": "settlement", "c_notes": null, "site_name_brain": "Roma - Palatino - NW area", "macro_context_name": null, "site_id": 280, "source_type": "bibliography (geo-referenced)", "source": "Panella, C. 2011", "bibliography": "Celant, A._2011_Antracologia, utilizzazione del legno e ricostruzione paleoambientale_Origini: Preistoria e protostoria delle civiltà antiche, (33)_237-248 ; Giachi; G.; Secci; M. M.; Pignatelli; O.; Gambogi; P.; Lippi; M. M.. 2010.0. \"The prehistoric pile-dwelling settlement of Stagno (Leghorn, Italy): wood and food resource exploitation\" ; Motta, L._2002_Planting the seed of Rome_Vegetation History and Archaeobotany, 11_71-78", "region": "Lazio", "province": "Roma", "chronology_iccd": null, "parent_chronology_iccd": null, "osm_wikipedia": null, "osm_wikimedia_commons": null, "osm_wikidata": null, "osm_website": null }, "geometry": { "type": "MultiPolygon", "coordinates": [ [ [ [ 12.490117631100803, 41.890172945590649 ], [ 12.49009879611908, 41.890122960446845 ], [ 12.490156478276429, 41.890105236878952 ], [ 12.49017418160984, 41.890155563458592 ], [ 12.490117631100803, 41.890172945590649 ] ] ] ] } },
{ "type": "Feature", "properties": { "fid": 299, "centroid": "", "site_code": "CLA20", "name": "Magna Mater (Cibele) Sanctuary", "parent_context": null, "chron_orig": null, "c_appr": 1, "typology": "sacred,settlment", "c_notes": "The “Sanctuary of Magna Mater” is understood as a broader south-western Palatine area centred on the Temple of Magna Mater/Cybele, including the adjacent Temple of Victory, the Auguratorium (a small sacred building traditionally identified to the east of the temple terrace), the imperial-age balneum, and the service districts (circulation areas, drainage/sewers, working/storage spaces) that supported both ritual activity and the daily functioning of the complex. \n\nThe temple itself was begun in 204 BC and dedicated in 191 BC, and its cult was closely connected to the Temple of Victory, which temporarily housed Cybele’s sacred stone before the Magna Mater temple was completed. \n\nThe stratigraphic sequence highlighted by the 2006 study documents not only Roman phases (construction, monumentalisation, and later reorganisations), but also late-antique transformations: major reworkings in the 3rd–4th centuries AD, followed by progressive dismantling and abandonment (first clear abandonments c. 350–390 AD, then wider decline c. 420–450 AD), sporadic reuse as dump/overflow in the mid–late 5th century, and final collapse/definitive abandonment into the early 6th century. ", "site_name_brain": "Roma - Palatino - Tempio Magna Mater", "macro_context_name": null, "site_id": 281, "source_type": "external project", "source": "OSM", "bibliography": "Coletti, F.,_Celant, A.,_Pensabene Perez, P._2006_Ricerche archeologiche e paleoambientali sul Palatino tra l’età arcaica e la tardoantichità–primi risultati_Innovazioni tecnologiche per i beni culturali in Italia. Atti del convegno Pàtron_557-564", "region": "Lazio", "province": "Roma", "chronology_iccd": "Età tardoimperiale ; Età altoimperiale", "parent_chronology_iccd": "Periodo Imperiale (Roma) ; Tarda Antichità", "osm_wikipedia": "it:Tempio della Magna Mater", "osm_wikimedia_commons": null, "osm_wikidata": "Q383609", "osm_website": null }, "geometry": { "type": "MultiPolygon", "coordinates": [ [ [ [ 12.484953022697127, 41.889090730461966 ], [ 12.484426701589172, 41.889430542200486 ], [ 12.484463750499906, 41.889476218662772 ], [ 12.484503769205512, 41.889522672537119 ], [ 12.484610226107003, 41.889596791330284 ], [ 12.48457070423234, 41.889693088455978 ], [ 12.484624009078152, 41.889757531627779 ], [ 12.484684474276388, 41.88975912281721 ], [ 12.48470913771251, 41.889814018852448 ], [ 12.484767464099491, 41.889824293199737 ], [ 12.484806448240459, 41.889891918750386 ], [ 12.484847310265424, 41.889920961028082 ], [ 12.484996882071588, 41.889804008605175 ], [ 12.484980633763604, 41.889783022164899 ], [ 12.4850259, 41.8897539 ], [ 12.4850513, 41.8897629 ], [ 12.485064569650824, 41.889726105636605 ], [ 12.485128615025275, 41.889688314887707 ], [ 12.485121056875494, 41.889678767751143 ], [ 12.485207230317787, 41.889612052491984 ], [ 12.485333492381029, 41.889522266135899 ], [ 12.485510820434296, 41.889389831260672 ], [ 12.484953022697127, 41.889090730461966 ] ] ] ] } },
{ "type": "Feature", "properties": { "fid": 308, "centroid": "", "site_code": "CLA23", "name": "Roma - Colosseum (settlement)", "parent_context": null, "chron_orig": null, "c_appr": 1, "typology": "settlement", "c_notes": "Begun under Vespasian (c. AD 70–72) and dedicated by Titus in AD 80 (with inaugural games), the Colosseum was completed and upgraded under the Flavians, including Domitian’s additions (from AD 82) and the development of the hypogeum. In Late Antiquity the monument remained in use but was increasingly shaped by repair cycles and changing entertainment practices: gladiatorial combat is conventionally considered to have ended in the early 5th century, while animal hunts (venationes) are still attested in AD 523. The building also underwent major restorations after 5th-century earthquake damage (e.g., the well-known restoration associated with Rufius Caecina Felix Lampadius after AD 443). \n\nA key infrastructural component throughout its life was its complex drainage system, including major East and West sewer collectors, which later preserved sealed Late Antique deposits.", "site_name_brain": "Roma - Colosseum", "macro_context_name": null, "site_id": 284, "source_type": "external project", "source": "OSM", "bibliography": "Celant, A.,_Follieri, M._1992_Archaeobotany of the East sewer of the Colosseum_OFP Informations ; Follieri, M._1975_Resti vegetali microscopici nel collettore ovest del Colosseo_Annali di botanica_34 ; Giachi; G.; Secci; M. M.; Pignatelli; O.; Gambogi; P.; Lippi; M. M.. 2010.0. \"The prehistoric pile-dwelling settlement of Stagno (Leghorn, Italy): wood and food resource exploitation\"", "region": "Lazio", "province": "Roma", "chronology_iccd": null, "parent_chronology_iccd": "Tarda Antichità", "osm_wikipedia": "it:Colosseo", "osm_wikimedia_commons": "Category:Colosseum", "osm_wikidata": "Q10285", "osm_website": "https://colosseo.it/" }, "geometry": { "type": "MultiPolygon", "coordinates": [ [ [ [ 12.4913517, 41.8904615 ], [ 12.4913728, 41.890501 ], [ 12.4913992, 41.8905408 ], [ 12.4913648, 41.8905551 ], [ 12.4913197, 41.8905738 ], [ 12.4913001, 41.8905833 ], [ 12.4913137, 41.8905975 ], [ 12.4913303, 41.8906134 ], [ 12.4913542, 41.8906367 ], [ 12.491373, 41.8906511 ], [ 12.4913924, 41.8906668 ], [ 12.49141, 41.8906804 ], [ 12.4914273, 41.890693 ], [ 12.4914385, 41.8907012 ], [ 12.4914687, 41.8907228 ], [ 12.4914937, 41.8907385 ], [ 12.4915273, 41.8907571 ], [ 12.4915535, 41.8907711 ], [ 12.491582, 41.8907855 ], [ 12.4916099, 41.8907982 ], [ 12.4916355, 41.8908101 ], [ 12.4916617, 41.8908203 ], [ 12.491697, 41.8908334 ], [ 12.4917323, 41.8908453 ], [ 12.4917653, 41.890855 ], [ 12.4918012, 41.8908652 ], [ 12.4918365, 41.8908732 ], [ 12.4918695, 41.8908804 ], [ 12.4919116, 41.8908885 ], [ 12.4919429, 41.890894 ], [ 12.4919828, 41.8908999 ], [ 12.4920226, 41.8909038 ], [ 12.4920585, 41.8909067 ], [ 12.4920967, 41.8909101 ], [ 12.4921371, 41.8909118 ], [ 12.4921815, 41.8909127 ], [ 12.4922231, 41.8909127 ], [ 12.4922692, 41.890911 ], [ 12.4923005, 41.8909088 ], [ 12.4923346, 41.8909063 ], [ 12.4923671, 41.8909038 ], [ 12.4924109, 41.8908995 ], [ 12.4924593, 41.890894 ], [ 12.4924963, 41.8908876 ], [ 12.4925453, 41.8908787 ], [ 12.4925846, 41.8908703 ], [ 12.492621, 41.8908614 ], [ 12.492674, 41.8908478 ], [ 12.4927201, 41.8908325 ], [ 12.4927662, 41.8908169 ], [ 12.4928106, 41.8907991 ], [ 12.4928499, 41.8907817 ], [ 12.4928972, 41.8907609 ], [ 12.4929592, 41.8907274 ], [ 12.4929923, 41.8907088 ], [ 12.4930276, 41.8906876 ], [ 12.4930617, 41.8906651 ], [ 12.4930936, 41.8906418 ], [ 12.4931261, 41.8906189 ], [ 12.4931585, 41.8905956 ], [ 12.4931864, 41.8905749 ], [ 12.4932103, 41.8905549 ], [ 12.4932405, 41.8905261 ], [ 12.4932673, 41.8904994 ], [ 12.4932917, 41.8904689 ], [ 12.4933043, 41.8904524 ], [ 12.4933253, 41.8904218 ], [ 12.4933504, 41.8903803 ], [ 12.4933703, 41.8903472 ], [ 12.4933897, 41.8903044 ], [ 12.4934085, 41.8902629 ], [ 12.493421, 41.8902277 ], [ 12.4934358, 41.8901794 ], [ 12.4934432, 41.8901421 ], [ 12.4934472, 41.890109 ], [ 12.493446, 41.8900726 ], [ 12.4934419, 41.8900294 ], [ 12.4934372, 41.889994 ], [ 12.4934278, 41.8899595 ], [ 12.4934048, 41.8899617 ], [ 12.4934131, 41.8899974 ], [ 12.4934185, 41.8900299 ], [ 12.4934219, 41.890073 ], [ 12.4932711, 41.8900891 ], [ 12.4932691, 41.8900536 ], [ 12.4932654, 41.8900219 ], [ 12.4932578, 41.8899928 ], [ 12.4932511, 41.8899742 ], [ 12.4932459, 41.8899637 ], [ 12.4932313, 41.889935 ], [ 12.4932149, 41.889898 ], [ 12.4931929, 41.8898684 ], [ 12.4931645, 41.8898364 ], [ 12.4931361, 41.8898087 ], [ 12.4931058, 41.8897839 ], [ 12.493061, 41.8897533 ], [ 12.493032, 41.8897355 ], [ 12.4930036, 41.8897209 ], [ 12.492969, 41.8897031 ], [ 12.4929078, 41.8896796 ], [ 12.4928655, 41.8896655 ], [ 12.4928346, 41.8896557 ], [ 12.4927955, 41.8896449 ], [ 12.4927539, 41.889635 ], [ 12.4927091, 41.8896266 ], [ 12.4926479, 41.889619 ], [ 12.4925943, 41.8896129 ], [ 12.492523, 41.8896097 ], [ 12.4924562, 41.8896078 ], [ 12.4923969, 41.8896111 ], [ 12.4923079, 41.8896167 ], [ 12.4922449, 41.8896223 ], [ 12.4921887, 41.8896308 ], [ 12.4920657, 41.8896575 ], [ 12.4920498, 41.8896614 ], [ 12.4920146, 41.8896716 ], [ 12.4919358, 41.8896984 ], [ 12.4918475, 41.8897317 ], [ 12.4917579, 41.8897735 ], [ 12.491693, 41.8898092 ], [ 12.4916463, 41.8898379 ], [ 12.4916072, 41.8898632 ], [ 12.4915586, 41.8899064 ], [ 12.491517, 41.8899449 ], [ 12.4914709, 41.8899947 ], [ 12.4914318, 41.8900454 ], [ 12.4913984, 41.8901046 ], [ 12.4913782, 41.8901534 ], [ 12.4913656, 41.8901975 ], [ 12.4913574, 41.8902515 ], [ 12.4913593, 41.8902961 ], [ 12.4913611, 41.8903228 ], [ 12.4913694, 41.8903708 ], [ 12.4913795, 41.8904065 ], [ 12.4913517, 41.8904615 ] ] ] ] } },
{ "type": "Feature", "properties": { "fid": 315, "centroid": "", "site_code": "CLA24", "name": "Colosseum Valley", "parent_context": null, "chron_orig": null, "c_appr": 2, "typology": "settlement", "c_notes": null, "site_name_brain": "Roma - Valle del Colosseo", "macro_context_name": null, "site_id": 285, "source_type": "bibliography", "source": "Celant, A. , Magri, D. 1999 ", "bibliography": "Celant, A.,_Magri, D._1999_Archaeobotanical study of a sediment core from the Colosseum valley_Riassunti 94° Congresso della Società Botanica Italiana_40", "region": "Lazio", "province": "Roma", "chronology_iccd": null, "parent_chronology_iccd": "Periodo Imperiale (Roma)", "osm_wikipedia": null, "osm_wikimedia_commons": null, "osm_wikidata": null, "osm_website": null }, "geometry": { "type": "MultiPolygon", "coordinates": [ [ [ [ 12.490605811138112, 41.89034266566464 ], [ 12.490550026302339, 41.890213249177428 ], [ 12.490487421783884, 41.890237424712566 ], [ 12.490548637405267, 41.890361877506045 ], [ 12.490605811138112, 41.89034266566464 ] ] ] ] } },
{ "type": "Feature", "properties": { "fid": 317, "centroid": "", "site_code": "CLA25", "name": "Arch of Constantine and Meta Sudans Area", "parent_context": null, "chron_orig": null, "c_appr": 1, "typology": "settlement", "c_notes": "The Area between the Colosseum, the Velia, the Palatine and the Caelian is a long-lived urban palimpsest. Before monumental Rome, it was a natural valley crossed by the 'Rivo Labicano', with evidence of prehistoric/protohistoric and Early Iron Age activity and the gradual installation of tracks, drainage works and early infrastructures along the watercourse and the valley-floor routes.\n\nFrom the Orientalising and Archaic periods onward, the area becomes increasingly structured, including an early sacred focus on the north-eastern Palatine slopes—often discussed in relation to the Curiae Veteres tradition—while roads and sewers are repeatedly rebuilt through the Republican centuries. In the Augustan reorganisation, the road network and adjacent blocks were substantially renewed; within this framework an earlier, smaller “Meta Sudans” complex (with a compital shrine) preceded the later Flavian fountain.\n\nAfter the fire of AD 64 the valley was heavily remodelled and absorbed into the Neronian Domus Aurea landscape; the Flavians later replaced key Neronian features with the Colosseum and its surrounding urban piazza, including the large monumental Meta Sudans at a major crossroads. The Constantinian phase fixed the best-known image of the area: the Arch of Constantine—dedicated in AD 315 on the triumphal route—reframed the space in front of the amphitheatre.\n\nIn Late Antiquity, the Meta Sudans remained in use into the 5th century, before progressive infilling and the obstruction of drainage channels contributed to its decline. Modern transformations culminated in the demolition of the standing remains in the 1930s, during fascist re-planning of the road system. \n\nArchaeological work has been pivotal for reconstructing this long sequence: a large-scale stratigraphic excavation in the Meta Sudans sector ran from 1986 to 2003 (with major phases through the 1990s and early 2000s), documenting the valley’s deep stratigraphy and identifying substantial Augustan/Claudian structures beneath the Flavian fountain. The same research framework also connected with targeted investigations around the Arch of Constantine’s foundations during restoration campaigns.", "site_name_brain": "Roma - Arco di Costantino", "macro_context_name": null, "site_id": 286, "source_type": "external project", "source": "OSM", "bibliography": "Celant, A.,_Altieri, A._1995_Ricerche archeobotaniche da una fossa medievale presso l’Arco di Costantino (Roma)_Giornale Botanico Italiano, 129_224-224", "region": "Lazio", "province": "Roma", "chronology_iccd": null, "parent_chronology_iccd": "Rinascimento", "osm_wikipedia": "en:Arch of Constantine", "osm_wikimedia_commons": "Category:Arch of Constantine (Rome)", "osm_wikidata": "Q5786", "osm_website": "http://archeoroma.beniculturali.it/siti-archeologici/arco-costantino" }, "geometry": { "type": "MultiPolygon", "coordinates": [ [ [ [ 12.490738919109782, 41.890586584301047 ], [ 12.491032518748623, 41.890501938731155 ], [ 12.49098916961584, 41.890439057417176 ], [ 12.491007407818833, 41.890026418074477 ], [ 12.491087199956924, 41.889921548407273 ], [ 12.49101652692033, 41.88960693940566 ], [ 12.490312039317832, 41.88973916179701 ], [ 12.490738919109782, 41.890586584301047 ] ] ] ] } },
{ "type": "Feature", "properties": { "fid": 321, "centroid": "", "site_code": "CLA27", "name": "\"Nuovo Mercato di Testaccio\"'s Archeological Area", "parent_context": null, "chron_orig": null, "c_appr": 1, "typology": "settlement", "c_notes": "The archaeological area beneath the Nuovo Mercato di Testaccio lies in the sub-Aventine plain, immediately north of Monte Testaccio and close to the ancient river port (Emporium) on the left bank of the Tiber. From the late 3rd–2nd century BC onward, this waterfront district was progressively equipped with major commercial infrastructure, including large warehouse complexes such as the Porticus Aemilia and other horrea, while Monte Testaccio itself formed (1st–3rd century AD) as a controlled mound of discarded transport amphorae linked to large-scale provisioning. \n\nArchaeological investigations carried out during 2005-2009 investigated roughly one hectare area, exposing a sequence wich starts in early-imperial phase (Augustan–Flavian horizon). In this phase the area is occupied by open enclosures/courtyards and service routes, small rectangular rooms at their margins, and structures built using stacked, reused empty amphorae. The area is therefore interpreted as part of a large managed area for the disposal and reuse of building/transport containers, with adjacent spaces plausibly functioning as storage with beaten-earth floors. \nA subsequent mid-imperial phase (Trajanic–Hadrianic) is represented by construction levels of a trapezoidal horreum: rows of rectangular rooms arranged around (or facing) a broad central space described as porticoed, although only the foundation/building levels are preserved. \n\nLater medieval traces are slight and discontinuous, while post-medieval layers document the area’s longer-term shift toward rural/agricultural use before modern urbanisation.\n\nBibliography: D’Alessandro, Lucilla, “Il quadro territoriale. La piana del Testaccio nell’antichità: sviluppo storico e dinamiche insediative”, in : D’Alessandro, Lucilla, Anfore adriatiche a Roma: I dati del Nuovo Mercato Testaccio, Pessac, Ausonius éditions, collection PrimaLun@ 24, 2025, 53-86, https://una-editions.fr/lo-scavo-del-nuovo-mercato-testaccio-roma [consulté le 22/03/2025].", "site_name_brain": "Roma - Testaccio - Nuovo Mercato", "macro_context_name": null, "site_id": 288, "source_type": "Bibliography - Georeferenced", "source": "Brochure NMS (MIBACT)", "bibliography": "Stellati, A.,_Colaianni, G.,_Fiorentino, G.,_Sebastiani, R.,_Contino, A._2013_Land use and crop production in the urban area of Rome: new data from the “Nuovo Mercato” of Monte Testaccio (Rome, Italy)_In 16th Conference of the International Work Group for Palaeoethnobotany-Abstract Book_158-159", "region": "Lazio", "province": "Roma", "chronology_iccd": null, "parent_chronology_iccd": "da identificare", "osm_wikipedia": "en:Monte Testaccio", "osm_wikimedia_commons": "Category:Monte Testaccio", "osm_wikidata": "Q781595", "osm_website": null }, "geometry": { "type": "MultiPolygon", "coordinates": [ [ [ [ 12.475390795731354, 41.877365594144997 ], [ 12.473790378902834, 41.876727480013344 ], [ 12.473164467135929, 41.877627877950893 ], [ 12.474174996088074, 41.87802979577291 ], [ 12.474547094192044, 41.877493594033872 ], [ 12.475172606740967, 41.877748755298846 ], [ 12.475390795731354, 41.877365594144997 ] ] ] ] } },
{ "type": "Feature", "properties": { "fid": 323, "centroid": "", "site_code": "CLA28", "name": "Roma - Centocelle - Villa delle Terme (funerary)", "parent_context": null, "chron_orig": null, "c_appr": 3, "typology": "funerary", "c_notes": null, "site_name_brain": "Roma - Centocelle - Villa delle Terme", "macro_context_name": null, "site_id": 289, "source_type": null, "source": null, "bibliography": "Celant, A._2007_Le analisi archeobotaniche dei resti vegetali della tomba 1 (T. 507)_Centocelle II-Roma SDO Le indagini archeologiche Vol. 2_277", "region": "Lazio", "province": "Roma", "chronology_iccd": "Età tardoimperiale", "parent_chronology_iccd": "Periodo Imperiale (Roma)", "osm_wikipedia": null, "osm_wikimedia_commons": null, "osm_wikidata": null, "osm_website": null }, "geometry": { "type": "MultiPolygon", "coordinates": [ [ [ [ 12.555561819183955, 41.877226530531573 ], [ 12.555561320267508, 41.877217541043493 ], [ 12.555549291927994, 41.877217913912489 ], [ 12.555549790842761, 41.877226903400683 ], [ 12.555561819183955, 41.877226530531573 ] ] ] ] } },
{ "type": "Feature", "properties": { "fid": 325, "centroid": "", "site_code": "CLA29", "name": "Roma - Centocelle - Villa della Piscina (settlement)", "parent_context": null, "chron_orig": null, "c_appr": 1, "typology": "settlement", "c_notes": null, "site_name_brain": "Roma - Centocelle - Villa della Piscina", "macro_context_name": null, "site_id": 290, "source_type": "external source", "source": "GNA", "bibliography": "Celant, A.,_2007_Le analisi archeobotaniche dei resti nelle fosse di spoliazione_Centocelle II - Roma S.D.O. Le indagini archeologiche_346", "region": "Lazio", "province": "Roma", "chronology_iccd": null, "parent_chronology_iccd": "Periodo Imperiale (Roma)", "osm_wikipedia": null, "osm_wikimedia_commons": null, "osm_wikidata": null, "osm_website": null }, "geometry": { "type": "MultiPolygon", "coordinates": [ [ [ [ 12.558157314120347, 41.870936184449583 ], [ 12.558156815271852, 41.870927194954632 ], [ 12.555972526541844, 41.869807645615779 ], [ 12.554689613954643, 41.87107737781497 ], [ 12.55659609541774, 41.872402530659777 ], [ 12.558157314120347, 41.870936184449583 ] ] ] ] } },
{ "type": "Feature", "properties": { "fid": 327, "centroid": "", "site_code": "CLA30", "name": "Roma - Centocelle - Villa ad duas lauros (settlement)", "parent_context": null, "chron_orig": null, "c_appr": 3, "typology": "settlement", "c_notes": null, "site_name_brain": "Roma - Centocelle - Villa ad duas lauros", "macro_context_name": null, "site_id": 291, "source_type": null, "source": null, "bibliography": "Celant, A.,_2007_Le analisi archeobotaniche dei resti nelle fosse di spoliazione_Centocelle II - Roma S.D.O. Le indagini archeologiche_140", "region": "Lazio", "province": "Roma", "chronology_iccd": null, "parent_chronology_iccd": "Periodo Imperiale (Roma)", "osm_wikipedia": null, "osm_wikimedia_commons": null, "osm_wikidata": null, "osm_website": null }, "geometry": { "type": "MultiPolygon", "coordinates": [ [ [ [ 12.56389515239178, 41.870837641193567 ], [ 12.563894652419487, 41.870828651776975 ], [ 12.563882625386839, 41.870829025472702 ], [ 12.563883125357451, 41.870838014889408 ], [ 12.56389515239178, 41.870837641193567 ] ] ] ] } },
{ "type": "Feature", "properties": { "fid": 338, "centroid": "", "site_code": "CLA32", "name": "Roma - Piscina di Torre Spaccata (settlement)", "parent_context": null, "chron_orig": "", "c_appr": 3, "typology": "settlement", "c_notes": null, "site_name_brain": "Roma - Piscina di Torre Spaccata", "macro_context_name": null, "site_id": 293, "source_type": null, "source": null, "bibliography": "Costantini, L.,_Biasini, L._1984_I cereali di Piscina di Torre Spaccata_Preistoria e Protostoria nel territorio di Roma_155-158 ; Costantini, L._2002_Italia centro-meridionale_Storia dell’agricoltura italiana, 1_221-233", "region": "Lazio", "province": "Roma", "chronology_iccd": "Età del Bronzo antico", "parent_chronology_iccd": "Eneolitico ; Età del Bronzo", "osm_wikipedia": null, "osm_wikimedia_commons": null, "osm_wikidata": null, "osm_website": null }, "geometry": { "type": "MultiPolygon", "coordinates": [ [ [ [ 12.586950709467912, 41.871393195426243 ], [ 12.586950206255585, 41.871384206236996 ], [ 12.586938179421818, 41.871384582351141 ], [ 12.586938682632464, 41.871393571540501 ], [ 12.586950709467912, 41.871393195426243 ] ] ] ] } },
{ "type": "Feature", "properties": { "fid": 345, "centroid": "", "site_code": "CLA33", "name": "Roma - Torre Spaccata (settlement)", "parent_context": null, "chron_orig": null, "c_appr": 3, "typology": "settlement", "c_notes": null, "site_name_brain": "Roma - Torre Spaccata - Area T.25, T.25A", "macro_context_name": null, "site_id": 294, "source_type": null, "source": null, "bibliography": "Celant, A._2008_Area T. 25A: Risultati delle ricerche archeobotaniche_Torre Spaccata-Roma SDO Le indagini archeologiche_281-296 ; Celant, A._2008_Area T. 25A: Risultati delle ricerche archeobotaniche_Torre Spaccata-Roma SDO Le indagini archeologiche_296 ; Stellati, A.,_Colaianni, G.,_Fiorentino, G.,_Sebastiani, R.,_Contino, A._2013_Land use and crop production in the urban area of Rome: new data from the “Nuovo Mercato” of Monte Testaccio (Rome, Italy)_In 16th Conference of the International Wor", "region": "Lazio", "province": "Roma", "chronology_iccd": null, "parent_chronology_iccd": "Medioevo", "osm_wikipedia": null, "osm_wikimedia_commons": null, "osm_wikidata": null, "osm_website": null }, "geometry": { "type": "MultiPolygon", "coordinates": [ [ [ [ 12.581333400818362, 41.861164959457646 ], [ 12.581425031181178, 41.860989647926296 ], [ 12.581161690497787, 41.860867616362803 ], [ 12.581161690497787, 41.860867616362803 ], [ 12.581068465169182, 41.861034144503606 ], [ 12.581333400818362, 41.861164959457646 ] ] ] ] } },
{ "type": "Feature", "properties": { "fid": 373, "centroid": "", "site_code": "CLA36", "name": "Fiumicino - Lingua d'Oca lacustrine sediments", "parent_context": null, "chron_orig": null, "c_appr": 2, "typology": "underwater", "c_notes": "The Lingua d’Oca–Interporto (LOI) sequence comes from lacustrine/wetland sediments sampled in 2001 near the Lingua d’Oca canal (c. 2 m a.s.l.), during an archaeological survey carried out in the area of Fiumicino International Airport, in a sector formerly occupied by the Stagno di Maccarese wetland. The uppermost c. 170 cm—made up of reclaimed deposits and agricultural soil—were intentionally excluded from palaeobotanical sampling, while the underlying sequence was sampled systematically (64 samples at 5-cm intervals along c. 320 cm). \n\nTiber delta, where lake-level shifts, episodes of marine-water intrusion, flood events, eutrophication and phases of desiccation repeatedly reshaped local environments and vegetation cover. Within this long-term instability, the palaeobotanical signal also documents human presence through micro-charcoal trends and “anthropogenic markers” (notably cereal-type pollen and other cultivation indicators), which become more visible in the later Holocene. In the Roman period, the published synthesis explicitly links the LOI evidence to “exploitation” of the area, including a chenopod-dominated marshland interpreted as compatible with saltwork environments, alongside woodland components dominated by evergreen and deciduous oaks.\n\nBibliography: Di Rita, Celant & Magri, Holocene environmental instability…, Journal of Paleolimnology 44 (2010), 51–67.", "site_name_brain": "Fiumicino - Lingua d'Oca", "macro_context_name": null, "site_id": 297, "source_type": "bibliography georeferenced", "source": "Magri & Celant 2009, fig. 1b", "bibliography": "Deguilloux, M. F.,_Bertel, L.,_Celant, A.,_Pemonge, M. H.,_Sadori, L.,_Magri, D.,_Petit, R. J._2006_Genetic analysis of archaeological wood remains: first results and prospects_Journal of Archaeological Science, 33(9)_1216-1227", "region": "Lazio", "province": "Roma", "chronology_iccd": "Età altoimperiale", "parent_chronology_iccd": "Periodo Imperiale (Roma)", "osm_wikipedia": null, "osm_wikimedia_commons": null, "osm_wikidata": null, "osm_website": null }, "geometry": { "type": "MultiPolygon", "coordinates": [ [ [ [ 12.281240581649119, 41.825605570067182 ], [ 12.281240122807121, 41.8255965778731 ], [ 12.281228099687711, 41.825596921044259 ], [ 12.281228558528033, 41.825605913238455 ], [ 12.281240581649119, 41.825605570067182 ] ] ] ] } },
{ "type": "Feature", "properties": { "fid": 375, "centroid": "", "site_code": "CLA37", "name": "Roma - Osteria del Curato - Via Cinquefrondi (settlement)", "parent_context": null, "chron_orig": null, "c_appr": 1, "typology": "settlement,funerary", "c_notes": "Osteria del Curato–Via Cinquefrondi is a multi-phase Copper Age settlement in south-eastern Rome (Tuscolana corridor, close to the GRA), set along the left bank of the Fosso di Gregna. The site was first recognised in 1972 in foundation trenches within an already urbanised zone, and was later investigated through preventive excavations in 2004–2005, split into multiple separate work areas (A–D) because of modern buildings and property boundaries. The excavated surface alone extends for over 2 hectares, while the overall settlement is thought to have reached c. 4.5 hectares along the palaeo-channel margin.\n\nArchaeologically, two main occupation horizons are recognised, partly superimposed: an earlier Laterza phase (Late Copper Age) extending toward the stream/NE, and a later Ortucchio phase (Final Copper Age) shifting to the SW. Within these horizons, excavators documented hut-related layouts (posthole patterns and curvilinear foundation slots), pits/pozzetti, small channels, areas of burning/“concotto”, and—especially in wetter sectors—stone/cobble spreads and compacted surfaces interpreted as working or drained outdoor areas. A funerary component is also present (inhumations and chamber-like graves), and some parts of the settlement show complex internal organisation (e.g., bounded areas defined by channels).\n\nFinally, the site is a key reference for Copper Age subsistence in the Roman hinterland because it yielded exceptionally rich archaeobotanical contexts, sampled from three features in different sectors: a cereal-storage facility (US 2358/2359), a hearth/processing deposit (US 2362), and a deep combustion feature/oven (US 215). These produced very large charred assemblages dominated by hulled barley, emmer, einkorn, and—in the oven—fava bean, providing direct evidence for cultivation, crop processing and storage practices within the Ortucchio horizon.\n\nBibliography (core): Anzidei et al. 2007 (Atti XL Riunione Scientifica IIPP); Carboni & Anzidei 2013; Anzidei & Carboni (eds.) 2020", "site_name_brain": "Roma - Osteria del Curato - Via Cinquefrondi", "macro_context_name": null, "site_id": 298, "source_type": "bibliography georeferenced", "source": "Anzidei et alii, 2020, fig. 2.5. 446", "bibliography": "Anzidei, A. P.,_Carboni, G.,_Castagna, M. A.,_Celant, A.,_Cianca, M.,_Egidi, R.,Favorito, S.,_Funiciello, R.,_Giordano, G.,_Malvone, M.,_Tagliacozzo, A._2007_L’abitato eneolitico di Osteria del Curato-via Cinquefrondi: nuovi dati sulle facies archeologiche di Laterza e Ortucchio nel territorio di Roma_Atti della XL Riunione Scientifica dell’Instituto Italiano di Preistoria e Protostoria. Strategie di insediamento fra Lazio e Campania in età preistorica e protostorica_477-508 ; Anzidei, A. P.,_Ca", "region": "Lazio", "province": "Roma", "chronology_iccd": "Ortucchio (facies) ; Laterza (facies)", "parent_chronology_iccd": "Eneolitico", "osm_wikipedia": null, "osm_wikimedia_commons": null, "osm_wikidata": null, "osm_website": null }, "geometry": { "type": "MultiPolygon", "coordinates": [ [ [ [ 12.586951069907233, 41.838400683964259 ], [ 12.587281683903646, 41.837995229889088 ], [ 12.587350253415929, 41.8370743370497 ], [ 12.586721198207249, 41.836708845311463 ], [ 12.586173140767702, 41.837393118636868 ], [ 12.585684856405821, 41.837181383054677 ], [ 12.585512672101222, 41.837394407496269 ], [ 12.58669944782376, 41.837959705601001 ], [ 12.586485999982212, 41.838212894183698 ], [ 12.586951069907233, 41.838400683964259 ] ] ] ] } },
{ "type": "Feature", "properties": { "fid": 379, "centroid": "", "site_code": "CLA38", "name": "Imperial 'Portus' of Fiumicino", "parent_context": null, "chron_orig": null, "c_appr": 1, "typology": "underwater,settlement", "c_notes": "The Port of Trajan was designed to reuse the lighthouse and quays of the Port of Claudius, which became the outer basin of the new harbor system. To these structures Trajan added a hexagonal basin covering 33 hectares, a monumental work of engineering that multiplied the docking points for ships. The emperor also had several canals dug, including the Fossa Traiana — the modern Fiumicino canal. These waterways allowed floodwaters to discharge into the sea, freeing Rome from the scourge of inundations.\n\nIn the 2nd and 3rd centuries, the growing importance of the harbor led to the development of a permanent settlement, which in 314 CE officially became a city under the name Portus Romae. Made independent from Ostia and enclosed by powerful walls, the settlement continued for several centuries to receive attention from central authorities, who were keen to keep the capital’s supply system efficient.\n\nAs the coastline advanced and the landscape changed, the Portus area gradually turned into marshland. Between the Middle Ages and the modern era, this process led to the near-total silting up of the harbor basin. The inhabited center, however, survived.\n\nSource: MOSI record ID F94E21004510001-3_Sito-1, author Marrucci Maddalena (content manager: Marrucci Maddalena), compiled in 2024, https://gna.cultura.gov.it (original in Italian; personal translation).", "site_name_brain": "Fiumicino - Portus", "macro_context_name": null, "site_id": 299, "source_type": "other project", "source": "GNA", "bibliography": "Pepe, C.,_Giardini, M.,_Giraudi, C.,_Masi, A.,_Mazzini, I.,_Sadori, L._2013_Plant landscape and environmental changes recorded in marginal marine environments: the ancient Roman harbour of Portus (Rome, Italy)_Quaternary International, 303_73-81 ; Sadori, L.,_Giardini, M.,_Giraudi, C.,_Mazzini, I._2010_The plant landscape of the imperial harbour of Rome_Journal of Archaeological Science, 37(12)_1-12", "region": "Lazio", "province": "Roma", "chronology_iccd": "Età tardoimperiale", "parent_chronology_iccd": "Periodo Imperiale (Roma)", "osm_wikipedia": null, "osm_wikimedia_commons": null, "osm_wikidata": null, "osm_website": null }, "geometry": { "type": "MultiPolygon", "coordinates": [ [ [ [ 12.268548576, 41.779586991 ], [ 12.270229847, 41.782447871 ], [ 12.265078718, 41.783774902 ], [ 12.260884962, 41.783741488 ], [ 12.254687029, 41.781127481 ], [ 12.251753746, 41.779900427 ], [ 12.251440744, 41.779066818 ], [ 12.253399246, 41.776439209 ], [ 12.253479732, 41.776125757 ], [ 12.253792735, 41.775638901 ], [ 12.254221996, 41.774951962 ], [ 12.255025742, 41.774084107 ], [ 12.256529273, 41.774651841 ], [ 12.257490638, 41.774825244 ], [ 12.258568262, 41.774785228 ], [ 12.259820273, 41.774838583 ], [ 12.265293348, 41.774838583 ], [ 12.268548576, 41.779586991 ] ] ] ] } },
{ "type": "Feature", "properties": { "fid": 398, "centroid": "", "site_code": "CLA39", "name": "Terme dei Cisiari", "parent_context": null, "chron_orig": null, "c_appr": 1, "typology": "settlement", "c_notes": "The \"Terme dei Cisiari\" stand in Regio II, Insula II, near the Porta Romana and the Decumanus. Built in the first half of the 2nd century AD (Hadrianic phase) and remodelled in the 3rd century, the complex is best known for the frigidarium mosaic depicting two concentric “city walls” and small two-wheeled carriages (cisia), which gave the building its modern name and has been linked—though not conclusively—to a professional guild of carriage drivers. Recent archaeological work has also shown that the imperial bath-building was conditioned by earlier, Late-Republican structures in the same insula, whose walls and layout were partly re-used and adapted during later phases. A key infrastructural element for the bath’s operation was a groundwater-lifting installation in the southern service sector: a wooden waterwheel/noria system, discovered in the 1990s, that supplied water for the bathing facilities and is crucial for understanding how small/medium bath complexes in Ostia could exploit the water table.\n\nM. Bedello Tata & S. Fogagnolo, “Una ruota idraulica da Ostia,” in Aquam in altum exprimere (Ausonius).", "site_name_brain": "Ostia Antica - Terme dei Cisiari", "macro_context_name": null, "site_id": 300, "source_type": "external sources", "source": "OSM", "bibliography": "Sadori, L.,_Giardini, M.,_Masi, A.,_2007_ Il paesaggio urbano e suburbano della Roma imperiale_ Atti della Società dei Naturalisti e Matematici di Modena_255-272 ; Sadori, L.,_Giardini, M.,_Masi, A._2007_Il paesaggio urbano e suburbano della Roma imperiale_ATTI DELLA SOCIETÀ DEI NATURALISTI E MATEMATICI DI MODENA, 138_255-272", "region": "Lazio", "province": "Roma", "chronology_iccd": "Età altoimperiale", "parent_chronology_iccd": "Periodo Imperiale (Roma)", "osm_wikipedia": null, "osm_wikimedia_commons": null, "osm_wikidata": null, "osm_website": null }, "geometry": { "type": "MultiPolygon", "coordinates": [ [ [ [ 12.294873855264363, 41.757039920776343 ], [ 12.294448228816234, 41.757575211992645 ], [ 12.294548675386517, 41.757629885442292 ], [ 12.294599141013238, 41.757569756184921 ], [ 12.29467327999269, 41.757599370028537 ], [ 12.294911045924879, 41.757666758233917 ], [ 12.295033107579904, 41.757662943807198 ], [ 12.295033107579904, 41.757662943807198 ], [ 12.295355744506603, 41.757253528672628 ], [ 12.294873855264363, 41.757039920776343 ] ] ] ] } },
{ "type": "Feature", "properties": { "fid": 400, "centroid": "", "site_code": "CLA40", "name": "Lago Albano - Villaggio delle Macine (underwater)", "parent_context": null, "chron_orig": null, "c_appr": 1, "typology": "underwater", "c_notes": "'Villaggio delle Macine' is a pile-dwelling (wooden-platform) lakeshore settlement on Lake Albano, south of Rome. The site is exceptional both in scale (about 1–2 ha) and in the richness of its archaeological and environmental evidence, helped by favourable waterlogged preservation in parts of the deposit. It was already known from mid-20th-century observations and underwater recoveries, but systematic excavations began in 2001 and expanded as lake-level fluctuations progressively exposed larger portions of the palisaded/platform area. Current evidence indicates a long-lived occupation spanning the end of the Early Bronze Age and developing mainly during the early Middle Bronze Age; radiocarbon dates on wooden elements place the settlement broadly within the 2nd millennium BC (reported as 2140–1490 cal BC, 2σ, on 7 samples).\n\nBibliography: Angle et al.(2014); Angle et al. (2019); Achino et al. (2021).", "site_name_brain": "Lago Albano - Villaggio delle Macine", "macro_context_name": null, "site_id": 301, "source_type": "georeferenced bibliography", "source": "Angle et alii 2017, fig. 1", "bibliography": "Carra, M.,_Cattani, L.,_Rizzi, M._2007_L’economia di sussistenza al Villaggio delle Macine (Castel Gandolfo, Roma) su basi paleocarpologiche_Atti della XL Riunione Scientifica “Strategie di insediamento fra Lazio e Campania in età preistorica e protostorica”. ISTITUTO ITALIANO DI PREISTORIA E PROTOSTORIA_775-786", "region": "Lazio", "province": "Roma", "chronology_iccd": "Età del Bronzo medio ; Età del Bronzo antico", "parent_chronology_iccd": "Età del Bronzo", "osm_wikipedia": null, "osm_wikimedia_commons": null, "osm_wikidata": null, "osm_website": null }, "geometry": { "type": "MultiPolygon", "coordinates": [ [ [ [ 12.655894445730722, 41.758920785761902 ], [ 12.656293204037397, 41.758617838476574 ], [ 12.656293204037397, 41.758617838476574 ], [ 12.65580968593806, 41.758179237407319 ], [ 12.655433267445327, 41.758496218074008 ], [ 12.655894445730722, 41.758920785761902 ] ] ] ] } },
{ "type": "Feature", "properties": { "fid": 402, "centroid": "", "site_code": "CLA41", "name": "Allumiere - La Fontanaccia (settlement)", "parent_context": null, "chron_orig": "mid 5th century A.D.", "c_appr": 1, "typology": "settlement", "c_notes": "The site yielded the remains of a substantial terraced villa from the Roman period, probably abandoned in the early 2nd century AD. All the archaeobotanical remains come from a modest rural house built among the villa’s rubble and dating to the 5th century AD. \nIt is unfortunately impossible to determine the precise location of the individual contexts ‘Because [...] the archaeobotanical material, all preserved by charring, was recovered from the hut floor without using a grid system.", "site_name_brain": "Allumiere - La Fontanaccia", "macro_context_name": null, "site_id": 302, "source_type": null, "source": null, "bibliography": "Sadori, L.,_Susanna, F._2005_Hints of economic change during the late Roman Empire period in central Italy: a study of charred plant remains from “La Fontanaccia”, near Rome_Vegetation History and Archaeobotany, 14_386-393", "region": "Lazio", "province": "Roma", "chronology_iccd": null, "parent_chronology_iccd": "Tarda Antichità", "osm_wikipedia": null, "osm_wikimedia_commons": null, "osm_wikidata": null, "osm_website": null }, "geometry": { "type": "MultiPolygon", "coordinates": [ [ [ [ 11.9323106, 42.1131034 ], [ 11.9316511, 42.113135 ], [ 11.9315921, 42.1131533 ], [ 11.9315661, 42.1132977 ], [ 11.9316511, 42.1135713 ], [ 11.9316511, 42.1136944 ], [ 11.9322626, 42.1136954 ], [ 11.9324683, 42.1130465 ], [ 11.9323956, 42.1130811 ], [ 11.9323106, 42.1131034 ] ] ] ] } },
{ "type": "Feature", "properties": { "fid": 429, "centroid": "", "site_code": "CLA43", "name": "Mura di S. Stefano ", "parent_context": null, "chron_orig": "età romana, età medievale", "c_appr": 1, "typology": "sacred,settlement", "c_notes": "The \"Mura di Santo Stefano\" site is a prominent rural complex set along a diverticulum of the Via Clodia, on the southern side of Lake Bracciano. Archaeology indicates an initial 1st-century AD rural phase, followed by the construction (late 2nd century AD) of an imposing brick-faced, three-storey main building—a landmark structure whose appearance is also documented in early modern antiquarian drawings (Ligorio; later Piranesi). The standing remains preserve the logic of a multi-level architectural design (with internal divisions and a nearby cistern/water installation), framing the site as a high-status villa complex (“villa-praetorium”) within the broader imperial countryside of southern Etruria. Later phases include progressive decline and reuse, with the overall abandonment of the complex ultimately placed by recent research around the 16th century, and a final, purely funerary episode in 1856–87 during a malaria outbreak, when the area was used as a burial ground.\n\nDuring the early medieval phase (9th–11th centuries AD) - the key horizon for the archaeobotanical evidence - the Roman complex was reoccupied and transformed, including the creation of a church dedicated to Santo Stefano (the surviving apse is on the NE side in the GNA description), and the area seems to have hosted a small-scale settlement/burial focus around the reused Roman structures. \n\nBibliography: Costantini, Napolitano & Whitehouse 1983; Van de Noort & Whitehouse 2009; GNA record, MOSI J54E21003590001, Sito 447, Author: Marrucci Maddalena. ", "site_name_brain": "Anguillara Sabazia - Mura de Santo Stefano", "macro_context_name": null, "site_id": 304, "source_type": "georeferenced image", "source": "Van de Noort et alii 2009, fig. 3", "bibliography": "Costantini, L.,_Costantini, L.,_Napolitano, G.,_Whitehouse, D._1983_Cereali e legumi medievali provenienti dalle mura di Santo Stefano. Anguillara Sabazia (Roma)_Archeologia Medievale, 10, 393-414 ; Van de Noort, R., Whitehouse, D., Becker, M. J., Blagg, T., Burnett, D., Caruso, I., ... & Sutherland, S. (2009). Excavations at Le Mura di Santo Stefano, Anguillara Sabazia. Papers of the British School at Rome, 77, 159-223", "region": "Lazio", "province": "Roma", "chronology_iccd": "Basso Medioevo", "parent_chronology_iccd": "Medioevo", "osm_wikipedia": null, "osm_wikimedia_commons": null, "osm_wikidata": null, "osm_website": null }, "geometry": { "type": "MultiPolygon", "coordinates": [ [ [ [ 12.258620765305233, 42.070419915796798 ], [ 12.258620765305233, 42.070419915796798 ], [ 12.258588201406894, 42.070333496220428 ], [ 12.258672116067999, 42.070080499779486 ], [ 12.258646788673813, 42.070071953726234 ], [ 12.258487094676292, 42.07001806924854 ], [ 12.258476300099765, 42.070014426906766 ], [ 12.258467965474569, 42.070011614609925 ], [ 12.25831015581339, 42.070083004694744 ], [ 12.258248785389597, 42.070285902830548 ], [ 12.258157355982723, 42.070392361728963 ], [ 12.258077198694505, 42.070684184356374 ], [ 12.258194929711575, 42.070716748254711 ], [ 12.258471722847451, 42.070651620458037 ], [ 12.258639552169656, 42.070630328678355 ], [ 12.258650824288315, 42.070521364864696 ], [ 12.258620765305233, 42.070419915796798 ] ] ] ] } },
{ "type": "Feature", "properties": { "fid": 432, "centroid": "", "site_code": "CLA44", "name": "S. Angelo Romano - Grotta dello Sventatoio (settlement)", "parent_context": null, "chron_orig": null, "c_appr": 2, "typology": "settlement", "c_notes": "In 1984, a group of speleoligsts from the Rome section of the Italian Alpine Club (C.A.I.) discovered and reported the presence of ceramic fragments in chambers B, C, D, and E of Grotta dello Sventatoio. A subsequent inspection made it possible to systematically collect all the material found on the surface, leading to the identification of about 8,000 coarse-ware ceramic sherds, belonging to at least 400 vessels. In addition to the pottery, a number of bronze objects, bone and stone artefacts, faunal remains, and some human bones of infants were recovered. Several vessels, found almost intact, contained seeds of wheat, barley, and broad beans. The finds indicate that the cave, used as a cult place, was frequented throughout the entire Middle Bronze Age.\n\n(description from: https://sabinasacra.lad-sapienza.it/monumento/?tb=luogo_di_interesse&id=434 ; author: L. Alessandri; personal translation)", "site_name_brain": "S. Angelo Romano - Grotta dello Sventatoio", "macro_context_name": null, "site_id": 305, "source_type": "site", "source": "https://sabinasacra.lad-sapienza.it", "bibliography": "Costantini, L.,_Costantini Biasini, L._2007_Economia agricola del Lazio a sud del Tevere tra Bronzo antico e Bronzo medio_Atti della XL riunione scientifica Istituto Italiano di Preistoria e Protostoria_ 787-801", "region": "Lazio", "province": "Roma", "chronology_iccd": "Età del Bronzo medio", "parent_chronology_iccd": "Età del Bronzo", "osm_wikipedia": "it:Villa romana delle Mura di Santo Stefano", "osm_wikimedia_commons": null, "osm_wikidata": "Q4012801", "osm_website": "" }, "geometry": { "type": "MultiPolygon", "coordinates": [ [ [ [ 12.730884302308333, 42.034992399416353 ], [ 12.730886661675488, 42.034730116433884 ], [ 12.730583351919641, 42.034727625990769 ], [ 12.730584662159075, 42.034982905382186 ], [ 12.730884302308333, 42.034992399416353 ] ] ] ] } },
{ "type": "Feature", "properties": { "fid": 440, "centroid": "", "site_code": "CLA45", "name": "Piano di Comunità (Veio)", "parent_context": null, "chron_orig": null, "c_appr": 1, "typology": "settlement", "c_notes": "Piano (or Quarto) di Comunità is a long ridge projecting south/south-east from the main Veii plateau, traversed by a major urban route and strategically overlooking the Cremera valley toward the Tiber. Its archaeological record is multi-period: occupation begins in the 9th century BC with scattered hut nuclei; from the late 7th century BC the district develops as a craft quarter with specialised workshops (notably for tableware and 'bucchero' production). In the 6th century BC the area undergoes significant urban and infrastructural works: terracing walls, road arrangements, and a dense hydraulic system (cuniculi, a monumental cistern, and wells). Architectural terracottas and votive material suggest one or more public/sacred buildings active between the later 6th and 5th centuries BC, supporting the long-standing hypothesis that the summit ridge may relate to an “historic acropolis” and the sphere of the city’s major cults. \n\nFrom the late Republican period, the visible remains on the summit are dominated by a large terraced villa/domus complex (cd. “Edificio Lanciani”), organised on multiple levels. The residential core is arranged around a cruciform atrium with an impluvium; service/storage spaces occupy the north-eastern sector, where a rectangular cistern is also reported, while a monumental circular cistern (c. 10 m diameter) belongs to the broader water-management system of the complex. The villa is described as abandoned by Late Antiquity / the 5th century AD in synthesis accounts, while the summit area also preserves traces of later reorganisation and spoliation processes. \n\n\nBibliography: AA.VV., Il contributo degli scavi di Piano di Comunità alla conoscenza dell’abitato di Veio: materiali dal riempimento di un pozzo sul pianoro sommitale, in G. Bartoloni (ed.), L’abitato etrusco di Veio… I. Cisterne, pozzi e fosse (2009). ; B. Belelli Marchesini, “Piano di Comunità – complesso archeologico”, in Guida Archeologica del Parco di Veio (2021).", "site_name_brain": "Veio - Piano di Comunità", "macro_context_name": null, "site_id": 306, "source_type": "bibliography georeferenced", "source": "Celant et alii 2009, fig. 1", "bibliography": "Celant, A.,Ambrosini, L.,_Belelli Marchesini, B.,_Colantoni, G.,_Giuliani, B.,_Lucidi , M.R.L.,_Merlo, M.,_2009_il Contributo Degli Scavi Di Piano Di Comunità Alla Conoscenza Dell’abitato Di Veio: Materiali Dal Riempimento Di Un Pozzo Sul Pianoro Sommitale_l'abitato Etrusco Di Veio. Ricerche Dell'università Di Roma “La Sapienza”. I. Cisterne, Pozzi, Fosse_65-124", "region": "Lazio", "province": "Roma", "chronology_iccd": null, "parent_chronology_iccd": "Periodo Etrusco Arcaico", "osm_wikipedia": null, "osm_wikimedia_commons": null, "osm_wikidata": null, "osm_website": null }, "geometry": { "type": "MultiPolygon", "coordinates": [ [ [ [ 12.405348631252116, 42.018082991754554 ], [ 12.406486939443047, 42.018415530668314 ], [ 12.406486939443047, 42.018415530668314 ], [ 12.406497167395461, 42.018006412571772 ], [ 12.406696612467524, 42.017809524487824 ], [ 12.407022216764288, 42.017891824001524 ], [ 12.40709782991161, 42.017731286460062 ], [ 12.405643133368939, 42.017400406391275 ], [ 12.405336093639319, 42.018074358051933 ], [ 12.405336572567508, 42.018083348837372 ], [ 12.405348631252116, 42.018082991754554 ] ] ] ] } },
{ "type": "Feature", "properties": { "fid": 442, "centroid": "", "site_code": "CLA46", "name": "Castle of S. Severa", "parent_context": null, "chron_orig": null, "c_appr": 1, "typology": "funerary,settlement", "c_notes": "The Castello di Santa Severa occupies a strategic stretch of coast north of Rome, where the Etruscan port-settlement of Pyrgi (connected to Caere/Cerveteri) developed from the 7th century BC onward and remained a major maritime hub through the Roman period. Within today’s castle-and-burg complex, the archaeological sequence spans from the Etruscan sanctuary/harbour landscape to Roman fortification and later occupation, before the site was redefined by the emergence of the medieval fortified nucleus that still shapes the topography. By the 10th–11th century, the fortified complex takes on the recognisable “castle” form attested by later written references.\n\nArchaeological work carried out during the major restoration programme (especially 2003–2009) treated the castle as a set of distinct internal sectors rather than a single excavation area. Fieldwork targeted multiple loci across the fortified compound: \"Piazza della Torretta\" / \"Casa del Commendatore\", the beach-access strip, \"Piazza delle Due Chiese\", \"Casa del Nostromo\", \"Piazza della Rocca\",\" Casa della Legnaia\", \"La Buca\", \"Viale del Castello\" and the \"Grande Giardino\".\n\nFor the early medieval horizon (c. 5th/6th to 10th century AD), the castle area preserves evidence for both continuity and transformation: a late-antique Christian focus is signalled by the palaeochristian church near Piazza della Rocca, dated around the mid-5th century (with sources also placing it between the later 5th and early 6th). \nWithin the castle stratigraphy, early medieval re-use of earlier structures includes productive and domestic activities—most notably a grain-roasting oven installation documented at Casa del Nostromo—while burial evidence indicates an expanding medieval funerary landscape (with cemetery use continuing into the central Middle Ages). \n\nBibliography: Enei et alii 2013", "site_name_brain": "Santa Severa - Castello", "macro_context_name": null, "site_id": 307, "source_type": "bibliography georeferenced", "source": "Enei et alii 2013, fig. 16", "bibliography": "Susanna, F.,_Enei, F._2013_Studio archeobotanico di macroresti provenienti dal sito di Santa Severa. Primi risultati. Santa Severa—Tra leggenda e realtà storica_Viterbo, Italy: Ceccarelli Editrice Srl_234-236", "region": "Lazio", "province": "Roma", "chronology_iccd": "Alto Medioevo", "parent_chronology_iccd": "Medioevo", "osm_wikipedia": "it:Castello di Santa Severa", "osm_wikimedia_commons": null, "osm_wikidata": "Q63495355", "osm_website": null }, "geometry": { "type": "MultiPolygon", "coordinates": [ [ [ [ 11.957692027541844, 42.017000978094714 ], [ 11.957691610393036, 42.016991983475904 ], [ 11.958113250880022, 42.016892275297771 ], [ 11.95853760987581, 42.016685321895885 ], [ 11.958915979226731, 42.016401022273094 ], [ 11.958756976315803, 42.016035711388987 ], [ 11.9583173, 42.0154762 ], [ 11.958115341318429, 42.015491681567845 ], [ 11.9576915, 42.0155623 ], [ 11.9575795, 42.0154726 ], [ 11.9574369, 42.0155172 ], [ 11.9572541, 42.0155681 ], [ 11.956607982852889, 42.015921905381092 ], [ 11.9566084, 42.0159309 ], [ 11.957692027541844, 42.017000978094714 ] ] ] ] } },
{ "type": "Feature", "properties": { "fid": 469, "centroid": "", "site_code": "CLA47", "name": "Hadrian's Villa", "parent_context": null, "chron_orig": null, "c_appr": 3, "typology": "sacred", "c_notes": "Hadrian’s Villa is a vast imperial residence created in the 2nd century AD on the Tiburtine plain near ancient Tibur (modern Tivoli), conceived by Emperor Hadrian as a retreat from Rome and as an “ideal city” in which architecture, water, and landscape were fully integrated. \n\nBuilt mainly between AD 117/118 and 138, the complex brought together Roman engineering with eclectic cultural references (Greek, Roman and Egyptian motifs), expressed through a network of pavilions, baths, gardens, nymphaea and monumental water basins arranged on terraced platforms. The surviving remains comprise around 30 major buildings spread across roughly 120 hectares, making the villa closer in scale and complexity to an urban district than to a conventional country house. \n\nAfter antiquity the site underwent progressive abandonment, spoliation and reuse, while from the Renaissance onward it became a key focus for antiquarian collecting and archaeological research; today it is a UNESCO World Heritage property managed as an archaeological park, with ongoing stratigraphic investigations targeting specific sectors and their formation processes.", "site_name_brain": "Tivoli - Villa Adriana", "macro_context_name": null, "site_id": 308, "source_type": "georeferenced bibliography", "source": "Giardini et alii 2006, fig. 7", "bibliography": "Giardini, M.,_Calderoni, G.,_Jolivet, V.,_Mari, Z.,_Sadori, L.,_Susanna, F.,_Juan, J. T._2006_ Indagini archeobotaniche su alcuni materiali degli horti Luculliani (Roma) e di Villa Adriana (Tivoli)_Indagini archeobotaniche su alcuni materiali degli horti Luculliani (Roma) e di Villa Adriana (Tivoli)_129-144", "region": "Lazio", "province": "Roma", "chronology_iccd": "Età altoimperiale", "parent_chronology_iccd": "Periodo Imperiale (Roma)", "osm_wikipedia": "it:Villa Adriana", "osm_wikimedia_commons": null, "osm_wikidata": "Q102234817", "osm_website": null }, "geometry": { "type": "MultiPolygon", "coordinates": [ [ [ [ 12.774035330671575, 41.940085887191536 ], [ 12.7740348, 41.9400769 ], [ 12.77402276265493, 41.940077296203512 ], [ 12.7733318, 41.9407444 ], [ 12.7732397, 41.9408242 ], [ 12.7725971, 41.9412819 ], [ 12.7721144, 41.9418946 ], [ 12.7719573, 41.9423844 ], [ 12.772286, 41.9426146 ], [ 12.7720462, 41.9428931 ], [ 12.7732087, 41.9435882 ], [ 12.7726577, 41.9440582 ], [ 12.7718291, 41.9448784 ], [ 12.7712926, 41.944633 ], [ 12.7708179, 41.9443218 ], [ 12.7706811, 41.9445114 ], [ 12.7704914, 41.9446853 ], [ 12.7705023, 41.9447384 ], [ 12.7708286, 41.9450261 ], [ 12.7713193, 41.9453372 ], [ 12.7720828, 41.9460351 ], [ 12.7732264, 41.9456505 ], [ 12.774368, 41.9467484 ], [ 12.7745567, 41.9468035 ], [ 12.7762841, 41.9458898 ], [ 12.7761376, 41.9452401 ], [ 12.7766489, 41.9444415 ], [ 12.7787142, 41.9431527 ], [ 12.7791004, 41.9426938 ], [ 12.7802216, 41.9420077 ], [ 12.7793992, 41.9411941 ], [ 12.7792222, 41.9405278 ], [ 12.7794437, 41.9398889 ], [ 12.7795564, 41.9389671 ], [ 12.7805901, 41.9389396 ], [ 12.7815573, 41.9380134 ], [ 12.7816378, 41.9376583 ], [ 12.7813642, 41.9373351 ], [ 12.7805595, 41.9367564 ], [ 12.7812714, 41.9364496 ], [ 12.7802162, 41.9352959 ], [ 12.7797656, 41.9349368 ], [ 12.7794705, 41.9347851 ], [ 12.7781402, 41.9353598 ], [ 12.7777325, 41.9355992 ], [ 12.7773677, 41.9359105 ], [ 12.7764987, 41.9362297 ], [ 12.7761913, 41.9365254 ], [ 12.7729367, 41.9377142 ], [ 12.7726041, 41.938185 ], [ 12.7731979, 41.9391351 ], [ 12.7742241, 41.9393901 ], [ 12.7741812, 41.9397173 ], [ 12.774035330671575, 41.940085887191536 ] ] ] ] } },
{ "type": "Feature", "properties": { "fid": 472, "centroid": "", "site_code": "CLA49", "name": "Isola Farnese (settlement)", "parent_context": null, "chron_orig": null, "c_appr": 3, "typology": "settlement", "c_notes": null, "site_name_brain": "Isola Farnese", "macro_context_name": null, "site_id": 310, "source_type": null, "source": null, "bibliography": "Celant, A._2003_I resti paleobotanici_Catalogo della Mostra “Dalla Capanna alla Casa. I primi abitanti di Veio”_39-40", "region": "Lazio", "province": "Roma", "chronology_iccd": "Età del Bronzo finale", "parent_chronology_iccd": "Età del Bronzo", "osm_wikipedia": null, "osm_wikimedia_commons": null, "osm_wikidata": null, "osm_website": null }, "geometry": { "type": "MultiPolygon", "coordinates": [ [ [ [ 12.393617379000183, 42.01944876140891 ], [ 12.393616900401103, 42.019439770597977 ], [ 12.393604843222887, 42.019440127479591 ], [ 12.393605321820274, 42.019449118290645 ], [ 12.393617379000183, 42.01944876140891 ] ] ] ] } },
{ "type": "Feature", "properties": { "fid": 499, "centroid": "", "site_code": "CLA53", "name": "Valentano - Santa Maria (settlement)", "parent_context": null, "chron_orig": null, "c_appr": 1, "typology": "settlement", "c_notes": "The church of Santa Maria stands within the medieval core of Valentano, an urban setting that was heavily reshaped in the early 16th century during the Farnese reorganisation of the town after the 1510 fire. In the written sources, the church is securely attested only from the first half of the 16th century onward, with major architectural interventions (including an 18th-century rebuilding campaign in 1736–1744) and other documented events such as a collapse recorded in 1566. \n\nArchaeologically, a 2009 excavation reached, beneath the medieval floor levels, a compact cluster of structures dated on preliminary ceramic grounds to the late 13th–early 14th century AD. The earliest stratigraphic units belong to daily-use installations such as pits/silos and wells, while the later units relate to the church itself and to its construction phases, such as two bell-casting pits and an internal burial zone of prenatal/perinatal inhumations.\n\nBibliography: F. Rossi, G. Velluti 2014, Lo scavo della Chiesa di Santa Maria a Valentano, in Atti del convegno Etruria in progress. La ricerca archeologica in Etruria Meridionale, Roma, pp. 233 - 237.", "site_name_brain": "Valentano - Santa Maria", "macro_context_name": null, "site_id": 314, "source_type": "bibliography georeferenced", "source": "F. Rossi, G. Velluti 2014, fig. 1", "bibliography": "Masi, A.,_Rossi, F.,_Petitti, P.,_Sadori, L._2009 ; Sadori, L.,_Celauro, F.,_Gobbi, E.,_Masi, A.,_Paganelli, M.,_Petitti, P.,_Rossi, F.,_Sabato, D._2013; F. Rossi, G. Velluti 2014", "region": "Lazio", "province": "Viterbo", "chronology_iccd": "Basso Medioevo", "parent_chronology_iccd": "Medioevo ; Periodo Moderno", "osm_wikipedia": null, "osm_wikimedia_commons": null, "osm_wikidata": null, "osm_website": null }, "geometry": { "type": "MultiPolygon", "coordinates": [ [ [ [ 11.820037272113758, 42.56972841989819 ], [ 11.819976880351057, 42.569683839959559 ], [ 11.819945038657314, 42.569701009673807 ], [ 11.819929839622944, 42.569689318108907 ], [ 11.819892686427812, 42.569711142363396 ], [ 11.819888919145789, 42.569708609190997 ], [ 11.819769139641798, 42.569779568959113 ], [ 11.819793632891848, 42.569798666717332 ], [ 11.819801687081002, 42.569792691028603 ], [ 11.819865081344023, 42.569849070352682 ], [ 11.819858586030188, 42.569853227353533 ], [ 11.819876837862056, 42.569868393911314 ], [ 11.81988107512117, 42.569868828164573 ], [ 11.819887295317335, 42.569869465638092 ], [ 11.819893271006062, 42.569866088074903 ], [ 11.819891062599359, 42.56986141144894 ], [ 11.819910678447137, 42.569849589977764 ], [ 11.819945493329287, 42.569825817129129 ], [ 11.819943674641413, 42.569823738628706 ], [ 11.819955236300038, 42.569816074158382 ], [ 11.819959133488338, 42.569815944252106 ], [ 11.819967739779168, 42.569821627651699 ], [ 11.819978294664146, 42.569815067384745 ], [ 11.819973618038185, 42.569808961789739 ], [ 11.820020644110343, 42.569766092718439 ], [ 11.820002522184751, 42.569750081769861 ], [ 11.820037272113758, 42.56972841989819 ] ] ] ] } },
{ "type": "Feature", "properties": { "fid": 505, "centroid": "", "site_code": "CLA54", "name": "Valentano - Rocca Farnese (settlement)", "parent_context": null, "chron_orig": null, "c_appr": 1, "typology": "settlement", "c_notes": "Rocca Farnese occupies the highest point of Valentano’s historic centre and preserves the long-term transformation of a medieval defensive stronghold into a Farnese residential palace. The site entered Farnese control in the mid-14th century (1354) and was progressively remodelled across the 15th–16th centuries: late-Quattrocento works include the creation of the so-called “Cortile d’Amore” for the 1488 marriage celebrations of Angelo Farnese and Lella Orsini, while further early-16th-century interventions—linked to the palace’s peak as an aristocratic residence—are attributed to the building phase associated with Pier Luigi Farnese and Gerolama Orsini and to designs by Antonio da Sangallo the Younger (e.g., architectural elements around portals and the well-head). In institutional terms, the Rocca reflects Valentano’s role within the wider Farnese dominion in northern Latium (the later Duchy of Castro landscape), before subsequent reuses and conversions in the post-Farnese centuries. \n\nBibliography: Sadori, L.,_Celauro, F.,_Gobbi, E.,_Masi, A.,_Paganelli, M.,_Petitti, P.,_Rossi, F.,_Sabato, D._2013_A Medieval-Renaissance picture of common and aristocratic use of plants at Valentano (northern Latium, central Italy)_Abstract IWGP_156\n\nSitography: https://www.museovalentano.it/scopri-il-museo/storia-del-museo/ ", "site_name_brain": "Valentano - Rocca Farnese", "macro_context_name": null, "site_id": 315, "source_type": "external source", "source": "OSM", "bibliography": "Sadori, L.,_Celauro, F.,_Gobbi, E.,_Masi, A.,_Paganelli, M.,_Petitti, P.,_Rossi, F.,_Sabato, D._2013_A Medieval-Renaissance picture of common and aristocratic use of plants at Valentano (northern Latium, central Italy)_Abstract IWGP_156", "region": "Lazio", "province": "Viterbo", "chronology_iccd": null, "parent_chronology_iccd": "Rinascimento", "osm_wikipedia": null, "osm_wikimedia_commons": null, "osm_wikidata": null, "osm_website": null }, "geometry": { "type": "MultiPolygon", "coordinates": [ [ [ [ 11.819492867384758, 42.568021256563213 ], [ 11.819492462017047, 42.568012261711786 ], [ 11.819384265737453, 42.567920709105067 ], [ 11.819329705101248, 42.56794227354699 ], [ 11.819247084709282, 42.567876021345896 ], [ 11.818843855626469, 42.56803710512898 ], [ 11.818889259546488, 42.568072127317762 ], [ 11.818882827509473, 42.568094263890721 ], [ 11.818905171389062, 42.56812700027244 ], [ 11.818935309645251, 42.568144147900966 ], [ 11.818984674030391, 42.568128039522655 ], [ 11.819115619557284, 42.56824651404699 ], [ 11.819492867384758, 42.568021256563213 ] ] ] ] } },
{ "type": "Feature", "properties": { "fid": 507, "centroid": "", "site_code": "CLA55", "name": "Lago di Bolsena - Isola Bisentina (underwater)", "parent_context": null, "chron_orig": null, "c_appr": 3, "typology": "underwater", "c_notes": null, "site_name_brain": "Lago di Bolsena - Isola Bisentina", "macro_context_name": null, "site_id": 316, "source_type": null, "source": null, "bibliography": "Calderoni, G.,_Giardini, M.,_Petitti, P.,_Sadori, L._1996_Le piroghe del Lago di Bolsena: analisi xilologiche e datazioni radiometriche_Plant Biosystem, 130(1)_305-305", "region": "Lazio", "province": "Viterbo", "chronology_iccd": "Età del Bronzo medio", "parent_chronology_iccd": "Età del Bronzo", "osm_wikipedia": null, "osm_wikimedia_commons": null, "osm_wikidata": null, "osm_website": null }, "geometry": { "type": "MultiPolygon", "coordinates": [ [ [ [ 11.903932687464634, 42.582369293201623 ], [ 11.903878646453535, 42.582173914161501 ], [ 11.903716523420238, 42.581837197092348 ], [ 11.90245695216155, 42.581458910014646 ], [ 11.879140334372847, 42.571945613560828 ], [ 11.879005751470206, 42.572059931084311 ], [ 11.878860776065434, 42.57212020759669 ], [ 11.878776596798145, 42.572089030090289 ], [ 11.878641494270399, 42.572157620604372 ], [ 11.878592649510365, 42.572256089562096 ], [ 11.878254633378443, 42.572406001405383 ], [ 11.878087314094079, 42.572401844404531 ], [ 11.877701752264894, 42.572585791692305 ], [ 11.877400369702999, 42.57278844548393 ], [ 11.877153028152197, 42.573106456049238 ], [ 11.876847488589448, 42.573134515805002 ], [ 11.876693679557862, 42.573258186580404 ], [ 11.876679639945547, 42.57336411330887 ], [ 11.876536233150523, 42.573445771243925 ], [ 11.876282656098446, 42.573499812255022 ], [ 11.876143916194952, 42.573665572664069 ], [ 11.875978675411012, 42.574056330744313 ], [ 11.87585084763476, 42.574220532278041 ], [ 11.902792629980484, 42.583215762500465 ], [ 11.903166760057321, 42.583028697462048 ], [ 11.904007513480002, 42.582747580279317 ], [ 11.903932687464634, 42.582369293201623 ] ] ] ] } },
{ "type": "Feature", "properties": { "fid": 510, "centroid": "", "site_code": "CLA56", "name": "Blera - Le Pozze (settlement)", "parent_context": null, "chron_orig": null, "c_appr": 3, "typology": "settlement", "c_notes": null, "site_name_brain": "Blera - Le Pozze", "macro_context_name": null, "site_id": 317, "source_type": null, "source": null, "bibliography": "Costantini, L.,_Giorgi, J. A._1987_Blera. I resti vegetali. L’alimentazione nel mondo antico_Gli Etruschi, Ministerio per i Beni Culturali e Ambientali 2) Ministerio per i Beni Culturali e Ambientali, Roma_83-87 ; Costantini, L._2002_Italia centro-meridionale_Storia dell’agricoltura italiana, 1_221-233", "region": "Lazio", "province": "Viterbo", "chronology_iccd": "Prima Repubblica (Roma)", "parent_chronology_iccd": "Periodo Repubblicano (Roma)", "osm_wikipedia": null, "osm_wikimedia_commons": null, "osm_wikidata": null, "osm_website": null }, "geometry": { "type": "MultiPolygon", "coordinates": [ [ [ [ 12.069728504336217, 42.360559889649416 ], [ 12.069728066166531, 42.360550896498523 ], [ 12.06971594010909, 42.360551221461321 ], [ 12.06971637827705, 42.360560214612313 ], [ 12.069728504336217, 42.360559889649416 ] ] ] ] } },
{ "type": "Feature", "properties": { "fid": 549, "centroid": "", "site_code": "CLA59", "name": "Mazzano Romano - Mola di Monte Gelato (sacred)", "parent_context": null, "chron_orig": null, "c_appr": 3, "typology": "sacred", "c_notes": null, "site_name_brain": "Mazzano Romano - Mola di Monte Gelato", "macro_context_name": null, "site_id": 320, "source_type": null, "source": null, "bibliography": "Giorgi, J. A.,_King, A. C.,_Potter, T. W._1988_Scavi a Mola di Monte Gelato presso Mazzano Romano: Etruria meridionale: primo rapporto preliminare_Archeologia medievale: cultura materiale, insediamenti, territorio: XV, 1988_299", "region": "Lazio", "province": "Viterbo", "chronology_iccd": null, "parent_chronology_iccd": "Medioevo", "osm_wikipedia": null, "osm_wikimedia_commons": null, "osm_wikidata": null, "osm_website": null }, "geometry": { "type": "MultiPolygon", "coordinates": [ [ [ [ 12.368247948466999, 42.170087651118294 ], [ 12.368247470928475, 42.170078660308242 ], [ 12.368235384867184, 42.170079015547991 ], [ 12.368235862403999, 42.170088006358156 ], [ 12.368247948466999, 42.170087651118294 ] ] ] ] } },
{ "type": "Feature", "properties": { "fid": 550, "centroid": "", "site_code": "CLA59", "name": "Mazzano Romano - Mola di Monte Gelato (settlement)", "parent_context": null, "chron_orig": null, "c_appr": 3, "typology": "settlement", "c_notes": null, "site_name_brain": "Mazzano Romano - Mola di Monte Gelato", "macro_context_name": null, "site_id": 320, "source_type": null, "source": null, "bibliography": "Giorgi, J. A.,_King, A. C.,_Potter, T. W._1988_Scavi a Mola di Monte Gelato presso Mazzano Romano: Etruria meridionale: primo rapporto preliminare_Archeologia medievale: cultura materiale, insediamenti, territorio: XV, 1988_299 ; Giorgi, J. A.,_Potter, T. W._King, A. C.,_1997_The charred plant remains_Excavations at the Mola di Monte Gelato, 11_407-411", "region": "Lazio", "province": "Viterbo", "chronology_iccd": "Basso Medioevo ; Alto Medioevo ; Età tardoimperiale", "parent_chronology_iccd": "Medioevo ; Periodo Imperiale (Roma) ; Tarda Antichità", "osm_wikipedia": null, "osm_wikimedia_commons": null, "osm_wikidata": null, "osm_website": null }, "geometry": { "type": "MultiPolygon", "coordinates": [ [ [ [ 12.368247948466999, 42.170087651118294 ], [ 12.368247470928475, 42.170078660308242 ], [ 12.368235384867184, 42.170079015547991 ], [ 12.368235862403999, 42.170088006358156 ], [ 12.368247948466999, 42.170087651118294 ] ] ] ] } },
{ "type": "Feature", "properties": { "fid": 551, "centroid": "", "site_code": "CLA59", "name": "Mazzano Romano - Mola di Monte Gelato (funerary)", "parent_context": null, "chron_orig": null, "c_appr": 3, "typology": "funerary", "c_notes": "<!DOCTYPE HTML PUBLIC \"-//W3C//DTD HTML 4.0//EN\" \"http://www.w3.org/TR/REC-html40/strict.dtd\">\n<html><head><meta name=\"qrichtext\" content=\"1\" /><style type=\"text/css\">\np, li { white-space: pre-wrap; }\n</style></head><body style=\" font-family:'Sans Serif'; font-size:9pt; font-weight:400; font-style:normal;\">\n<p style=\" margin-top:0px; margin-bottom:0px; margin-left:0px; margin-right:0px; -qt-block-indent:0; text-indent:0px;\">NULL</p></body></html>", "site_name_brain": "Mazzano Romano - Mola di Monte Gelato", "macro_context_name": null, "site_id": 320, "source_type": null, "source": null, "bibliography": "Giorgi, J. A.,_Potter, T. W._King, A. C.,_1997_The charred plant remains_Excavations at the Mola di Monte Gelato, 11_407-411", "region": "Lazio", "province": "Viterbo", "chronology_iccd": null, "parent_chronology_iccd": "Medioevo", "osm_wikipedia": null, "osm_wikimedia_commons": null, "osm_wikidata": null, "osm_website": null }, "geometry": { "type": "MultiPolygon", "coordinates": [ [ [ [ 12.368247948466999, 42.170087651118294 ], [ 12.368247470928475, 42.170078660308242 ], [ 12.368235384867184, 42.170079015547991 ], [ 12.368235862403999, 42.170088006358156 ], [ 12.368247948466999, 42.170087651118294 ] ] ] ] } },
{ "type": "Feature", "properties": { "fid": 588, "centroid": "", "site_code": "CLA68", "name": "Gabii - Urban Area", "parent_context": null, "chron_orig": null, "c_appr": 1, "typology": "settlement", "c_notes": "Gabii lies along the Via Prenestina, in a strategic position that linked the Tyrrhenian-facing world of Rome with inland Latium. The archaeological site includes the remains of the ancient city and the medieval church of San Primitivo, a reminder that the area continued to be reoccupied after antiquity. \n\nBefore the historical remains, Gabii also preserves a long urban biography, with early settlement showing a multinodal community already active by the 8th century BC. In Areas C and D, excavations documented an elite residential-and-productive compound that evolves across the Iron Age and Archaic period, with built space, activity areas (including food-related production) and infant burials that articulate social differentiation and the symbolic use of domestic space. These early phases belong to the centuries before the later orthogonal plan that signals a mature urban layout.\n\nAs from IV/III century BC, the city shows a mature urban system (streets, blocks, major axes such as the Via Gabina, and monumental nodes), with substantial Roman-period buildings visibile in almost all excavations sectors. These buildings includes domestic and productive complexes fronting the Via Gabina and infrastructures and occupation horizons which persisted well into the Imperial period. The overall picture is therefore not one of a simple “rise and fall”, but of repeated reconfiguration, starting from an Iron age domestic setting and ending in a complex Roman settlment.\n\nBibliography: Evans, J. Marilyn; Samuels, J. Troy; Motta, Laura; Naglak, Matthew; D’Acri, Mattia. 2019. “An Iron Age Settlement at Gabii: An Interim Report of the Gabii Project Excavations in Area D, 2012–2015.” Etruscan Studies 22(1–2): 6–38. https://doi.org/10.1515/etst-2018-0029; Samuels, J. Troy; Naglak, Matthew; Opitz, Rachel S.; Evans, J. Marilyn; Johnston, Andrew C.; Wright, Patrick; Creola, Alessandra; Prosser, Joseph; Zapelloni-Pavia, Arianna; Farr, Jason; et al. 2021. “A Changing Cityscape in Central Italy: The Gabii Project Excavations, 2012–2018.” Journal of Field Archaeology 46(3): 132–152. https://doi.org/10.1080/00934690.2021.1877958; Opitz, Rachel S.; Mogetta, Marcello; Terrenato, Nicola (eds.). 2016. A Mid-Republican House from Gabii. Ann Arbor: University of Michigan Press / Michigan Publishing. https://doi.org/10.3998/mpub.9231782; Ferrandes, Antonio F. 2016. “The Ceramic Evidence: The Stratigraphic Deposits and Their Chronology.” In Opitz, Mogetta & Terrenato (eds.), A Mid-Republican House from Gabii. Ann Arbor: University of Michigan Press / Michigan Publishing. https://doi.org/10.3998/mpub.9231782; Motta, Laura. 2016. “Archaeobiology at Gabii: Sampling and Recovery Strategies in an Urban Context.” In Opitz, Mogetta & Terrenato (eds.), A Mid-Republican House from Gabii. Ann Arbor: University of Michigan Press / Michigan Publishing. https://doi.org/10.3998/mpub.9231782\n; Soprintendenza Speciale Archeologia, Belle Arti e Paesaggio di Roma. n.d. “Area archeologica di Gabii” (institutional web page).", "site_name_brain": "Gabii", "macro_context_name": null, "site_id": 322, "source_type": "bibliography georeferenced", "source": "Evans et alii 2019, 2019, fig. 3", "bibliography": "Evans, J. M.,_Samuels, J. T.,_Motta, L.,_Naglak, M.,_D’Acri, M._2019_An Iron Age settlement at Gabii: an interim report of the Gabii Project excavations in Area D, 2012–2015_Etruscan Studies, 22(1-2)_6-38 ; Gavériaux, F.,_Motta, L.,_Bailey, P.,_Brilli, M.,_Sadori, L._2022_Crop husbandry at Gabii during the iron age and archaic period: the archaeobotanical and stable isotope evidence_Environmental Archaeology_1-14 ; Gavériaux, F.,_Motta, L.,_Bailey, P.,_Brilli, M.,_Sadori, L._2022_Crop husbandry ", "region": "Lazio", "province": "Roma", "chronology_iccd": "Cultura laziale ; Periodo Tardo Repubblicano (Roma)", "parent_chronology_iccd": "Età del Ferro ; Periodo Imperiale (Roma) ; Periodo Repubblicano (Roma)", "osm_wikipedia": null, "osm_wikimedia_commons": null, "osm_wikidata": null, "osm_website": null }, "geometry": { "type": "MultiPolygon", "coordinates": [ [ [ [ 12.72116121076856, 41.887646603657394 ], [ 12.71974894753326, 41.88635470786074 ], [ 12.718749496954764, 41.887100383591061 ], [ 12.720164169852124, 41.888393206180837 ], [ 12.72116121076856, 41.887646603657394 ] ] ] ] } },
{ "type": "Feature", "properties": { "fid": 612, "centroid": null, "site_code": "CLA71", "name": "Roma - Via di Valle Santa nell'Agro Veientano (funerary)", "parent_context": null, "chron_orig": null, "c_appr": 1, "typology": "funerary", "c_notes": "The “Valle Santa” site was identified during along Via di Boccea, in the Veii hinterland. The overall use of the area spans a long timeframe (Archaic to Late Roman), with a specific funerary nucleus south of a natural canal comprising six “vestibule”/“tramite” rock-cut tombs dated from the end of the 6th to the beginning of the 4th century BC. \n\nWithin this Archaic–Classical funerary district, all investigated burials follow an incineration rite. Cremated remains were placed inside ceramic containers, wrapped in cloth, or collected in perishable containers and set on the bottom of each niche; in at least two cases the cinerary containers seem to have been intentionally laid on their side. Ritual activity is also documented by burnt offerings and associated containers deposited in the tramite, sometimes including highly “qualifying” personal items (notably a bronze strigil). \n\nBibliography: De Cristofaro, Matta, Sforzini 2015; Moricca, De Cristofaro, Ambrosini 2023.", "site_name_brain": null, "macro_context_name": null, "site_id": 826, "source_type": "bibliography georeferenced", "source": "De Cristofaro, A. Motta, S. , Sforzini, C. 2015, fig. 3", "bibliography": "Moricca, C.,_De Cristofaro, A.,_Ambrosini, L._2023_Archaeobotanical Evidence of Funerary Plant Offerings at the Southern Etrurian Necropolis of “Valle Santa nell’Agro Veientano”(Rome, Italy)_INTERDISCIPLINARIA ARCHAEOLOGICA, 14_63-70", "region": "Lazio", "province": "Roma", "chronology_iccd": null, "parent_chronology_iccd": "Periodo Etrusco Arcaico ; da identificare", "osm_wikipedia": null, "osm_wikimedia_commons": null, "osm_wikidata": null, "osm_website": null }, "geometry": { "type": "MultiPolygon", "coordinates": [ [ ] ] } },
{ "type": "Feature", "properties": { "fid": 626, "centroid": null, "site_code": "CLA73", "name": "Santa Severa - Pyrgi - temples (sacred)", "parent_context": null, "chron_orig": null, "c_appr": 1, "typology": "sacred", "c_notes": "Pyrgi is the coastal port-sanctuary of Caere (Cerveteri), located at Santa Severa on the Tyrrhenian shore. The monumental sacred precinct developed as a major religious and political “interface” between Caere and maritime networks, and it remained in use through the archaic and classical periods (with later reworkings in the Hellenistic age). \n\nWithin the sanctuary, the two best-known buildings are Temples B and A. Temple B is the earlier monument (late 6th century BC), while Temple A represents a subsequent phase (mid–5th century BC). The famous gold tablets connect the sanctuary to high-status dedicatory practices and to a broader Mediterranean religious horizon, while architectural terracottas and votive/ritual installations point to long-lived ceremonial activity in and around the temples.\n\nBibliography: Coccolini & Follieri 1980", "site_name_brain": null, "macro_context_name": null, "site_id": 828, "source_type": "bibliography georeferenced", "source": "Coccolini & Follieri 1980, fig. 1", "bibliography": "Follieri, M.,_Coccolini, G.B.L.,_1980_I legni dei pozzi del tempio A nel santuario etrusco di Pyrgi (S. Severa, Roma)_Studi etruschi, 48_277-29", "region": "Lazio", "province": "Roma", "chronology_iccd": null, "parent_chronology_iccd": "Periodo Etrusco Arcaico", "osm_wikipedia": null, "osm_wikimedia_commons": null, "osm_wikidata": null, "osm_website": null }, "geometry": { "type": "MultiPolygon", "coordinates": [ [ ] ] } },
{ "type": "Feature", "properties": { "fid": 637, "centroid": "", "site_code": "CLA75", "name": "Roma - Horti Lamiani (settlement)", "parent_context": null, "chron_orig": null, "c_appr": 1, "typology": "settlement", "c_notes": "The Horti Lamiani occupied a large landscaped property on the Esquiline, broadly corresponding to the modern area around Piazza Vittorio Emanuele II. The sector excavated beneath the ENPAM offices documents a long sequence of land use: early agricultural exploitation (Middle Republican), followed by pozzolana extraction (mid-Republican), and then the creation of an artificially terraced garden in the Augustan age, when this extra-mural zone became part of Rome’s “green ring” of elite horti. \n\nThe archaeobotanical samples come primarily from the Early Imperial garden arrangements (Period 3), especially the reorganisation under Tiberius–Caligula (Phase 3.2), when new terraces, an irrigation network (lead pipes), and dense systems of planting holes and plant pots were installed—some of them ollae perforatae set within a flower bed. Later interventions include the Claudian sealing of earlier garden features (Phase 3.3) and Flavian drainage works (Phase 3.4). After the garden phase, the area was reconfigured again, including the creation of a courtyard and a richly decorated nymphaeum in the Severan period, with continued life into Late Antiquity. \n\nBibliography: Serlorenzi, Mirella et al. 2023. Il necessario invisibile. Impastare, miscelare, cuocere e conservare: il ruolo delle ceramiche dagli Horti Lamiani. Bollettino di Archeologia On Line XIV (2023/2); Masi, Alessia et al. 2023 (online 2024). “The first extensive study of an Imperial Roman Garden in the city of Rome: integrated archaeobotanical analyses from Horti Lamiani.” Vegetation History and Archaeobotany; Ministero della Cultura, Museo Ninfeo (Horti Lamiani) (institutional page).", "site_name_brain": "Roma - Horti Lamiani", "macro_context_name": null, "site_id": 254, "source_type": "georeferenced bibliography", "source": "Masi et alii 2023, fig. 2", "bibliography": "Masi, A.,_Vignola, C.,_Lazzara, A.,_Moricca, C., Serlorenzi, M.,_ Ferrandes, A. F._2024_The first extensive study of an Imperial Roman Garden in the city of Rome: the Horti Lamiani_Vegetation History and Archaeobotany, 33(1)_111-120", "region": "Lazio", "province": "Roma", "chronology_iccd": "Età altoimperiale", "parent_chronology_iccd": "Periodo Imperiale (Roma)", "osm_wikipedia": null, "osm_wikimedia_commons": null, "osm_wikidata": null, "osm_website": null }, "geometry": { "type": "MultiPolygon", "coordinates": [ [ [ [ 12.50551373930168, 41.893029557833941 ], [ 12.505484950030954, 41.893032677172414 ], [ 12.505394704590945, 41.893197637441816 ], [ 12.505407348232946, 41.893207762220797 ], [ 12.505398797070631, 41.893224223208257 ], [ 12.505432360382718, 41.893269971926642 ], [ 12.505421243871712, 41.893284508902575 ], [ 12.505428939917795, 41.893304817913069 ], [ 12.505460899886948, 41.89334073279479 ], [ 12.505493714972326, 41.893355269770723 ], [ 12.505524926714775, 41.893395887791719 ], [ 12.505517444447749, 41.893403583837802 ], [ 12.505625509761504, 41.893509190692392 ], [ 12.505656080166778, 41.893552374062082 ], [ 12.505685261008177, 41.89358005845007 ], [ 12.505744050249094, 41.893626020947515 ], [ 12.50575687699256, 41.893622279814004 ], [ 12.505792364316166, 41.893651139986815 ], [ 12.505824431174847, 41.893653063998336 ], [ 12.505833196116219, 41.893649215975294 ], [ 12.50602936837989, 41.893527753524715 ], [ 12.506022604361492, 41.893512397378252 ], [ 12.505998447327952, 41.893486957670369 ], [ 12.506001440234762, 41.893485033658848 ], [ 12.505923451470039, 41.893413837114778 ], [ 12.50590440077926, 41.893404744739634 ], [ 12.505824734254189, 41.893390456721541 ], [ 12.505786416387508, 41.893351922369739 ], [ 12.505747318407321, 41.893281971296375 ], [ 12.505831887382879, 41.893225735620916 ], [ 12.50582229338427, 41.8931818949548 ], [ 12.50551373930168, 41.893029557833941 ] ] ] ] } },
{ "type": "Feature", "properties": { "fid": 641, "centroid": "", "site_code": "CLA76", "name": "Fidene (prehistoric hut)", "parent_context": "", "chron_orig": "9th-8th century BC", "c_appr": 1, "typology": "settlement", "c_notes": "The “Capanna di Fidene” is an Early Iron Age domestic structure excavated on the margins of ancient Fidenae, a strategic settlement controlling the Tiber corridor and the Via Salaria. The original hut—destroyed by an accidental fire around c. 800 BC survived archaeologically thanks to the charring and collapse of its timber elements, which sealed parts of the floor assemblage and preserved construction details (post settings, internal fittings, and traces of the superstructure). \n\nA key aspect of its importance is that the hut is not only an excavated plan, but a didactic/experimental reconstruction at 1:1 scale, built with materials and techniques consistent with the archaeological evidence and installed close to the original findspot (the excavated remains were then reburied for protection). This makes it one of the most tangible reference points in Rome for understanding Iron Age domestic architecture and daily life—from the structural logic of posts, walls and roofing to the organisation of internal space—while also serving as a public-facing “laboratory” for communicating protohistoric building practices.\n\nBibliography: Celant, De Santis, Merlo & De Grossi Mazzorin 1998, Una casa dell’età del Ferro: la capanna di Fidene; “Una capanna dell’età del Ferro: archeologia sperimentale a Fidene”, Scuole Musei in Comune Roma (web resource).", "site_name_brain": "Fidene", "macro_context_name": null, "site_id": 255, "source_type": "bibliography georeferenced", "source": "Celant et alii 1998, fig. 4", "bibliography": "Celant, A.,_De Santis, A._Merlo, R.,_De Grossi Mazzorin, J.,_1998_Fidene: una casa dell'Età del ferro. Mondadori Electa_1-47", "region": "Lazio", "province": "Roma", "chronology_iccd": null, "parent_chronology_iccd": "Età del Ferro", "osm_wikipedia": "it:Casa protostorica di Fidene", "osm_wikimedia_commons": null, "osm_wikidata": "Q3661350", "osm_website": "" }, "geometry": { "type": "MultiPolygon", "coordinates": [ [ [ [ 12.512249944532398, 41.97840896548751 ], [ 12.512259396352391, 41.978393538379017 ], [ 12.512254072913544, 41.978371810057197 ], [ 12.512246793925733, 41.978360402688239 ], [ 12.512231149534021, 41.978358881705709 ], [ 12.512212463177253, 41.978360402688239 ], [ 12.512161944829012, 41.978362032312383 ], [ 12.512139347374315, 41.978403750690283 ], [ 12.512139890582365, 41.978422437047044 ], [ 12.512153470783501, 41.978433953057618 ], [ 12.512191495346695, 41.978439167854845 ], [ 12.512229845834712, 41.978434604907264 ], [ 12.512249944532398, 41.97840896548751 ] ] ] ] } },
{ "type": "Feature", "properties": { "fid": 643, "centroid": "", "site_code": "CLA78", "name": "Vulci - Necropoli dell'Osteria (funerary)", "parent_context": null, "chron_orig": null, "c_appr": 3, "typology": "funerary", "c_notes": null, "site_name_brain": "Vulci - Necropoli dell'Osteria", "macro_context_name": null, "site_id": 257, "source_type": null, "source": null, "bibliography": "Marchesini, M.,_Marvelli, S.,_Rizzoli, E.,_2014_L’Archeobotaica a Vulci_Principi immortali: fasti dell'aristocrazia etrusca a Vulci_37-41", "region": "Lazio", "province": "Viterbo", "chronology_iccd": null, "parent_chronology_iccd": "Periodo Orientalizzante", "osm_wikipedia": null, "osm_wikimedia_commons": null, "osm_wikidata": null, "osm_website": null }, "geometry": { "type": "MultiPolygon", "coordinates": [ [ [ [ 11.625839592792969, 42.425282136864382 ], [ 11.625839217085721, 42.425273140341872 ], [ 11.625827073874561, 42.425273418690828 ], [ 11.625827449580079, 42.425282415213424 ], [ 11.625839592792969, 42.425282136864382 ] ] ] ] } },
{ "type": "Feature", "properties": { "fid": 645, "centroid": "", "site_code": "CLA86", "name": "Poggio Olivastro (settlement)", "parent_context": null, "chron_orig": null, "c_appr": 3, "typology": "settlement", "c_notes": null, "site_name_brain": "Lago Lungo", "macro_context_name": null, "site_id": 258, "source_type": null, "source": null, "bibliography": "Costantini, L._2002_Italia centro-meridionale_Storia dell’agricoltura italiana, 1_221-233", "region": "Lazio", "province": "Rieti", "chronology_iccd": null, "parent_chronology_iccd": "Neolitico", "osm_wikipedia": null, "osm_wikimedia_commons": null, "osm_wikidata": null, "osm_website": null }, "geometry": { "type": "MultiPolygon", "coordinates": [ [ [ [ 12.845006344769352, 42.477226511112214 ], [ 12.845005793841437, 42.47721752550828 ], [ 12.844993655231516, 42.47721793333185 ], [ 12.8449942061577, 42.477226918935898 ], [ 12.845006344769352, 42.477226511112214 ] ] ] ] } },
{ "type": "Feature", "properties": { "fid": 647, "centroid": "", "site_code": "CLA87", "name": "Grotta Misa", "parent_context": null, "chron_orig": null, "c_appr": 3, "typology": "settlement", "c_notes": null, "site_name_brain": "Lago Ventina", "macro_context_name": null, "site_id": 834, "source_type": null, "source": null, "bibliography": "Costantini, L._2002_Italia centro-meridionale_Storia dell’agricoltura italiana, 1_221-233", "region": "Lazio", "province": "Viterbo", "chronology_iccd": "Età del Bronzo medio", "parent_chronology_iccd": "Età del Bronzo", "osm_wikipedia": null, "osm_wikimedia_commons": null, "osm_wikidata": null, "osm_website": null }, "geometry": { "type": "MultiPolygon", "coordinates": [ [ [ [ 12.753617453436341, 42.509726516281034 ], [ 12.7536169149723, 42.509717529774434 ], [ 12.753604768786747, 42.509717928163035 ], [ 12.753605307249055, 42.509726914669756 ], [ 12.753617453436341, 42.509726516281034 ] ] ] ] } },
{ "type": "Feature", "properties": { "fid": 649, "centroid": "", "site_code": "CLA88", "name": "Lago di Caterno (underwater)", "parent_context": null, "chron_orig": null, "c_appr": 3, "typology": "underwater", "c_notes": null, "site_name_brain": "Leopoli - Cencelle", "macro_context_name": null, "site_id": 835, "source_type": null, "source": null, "bibliography": "Costantini, L._2002_Italia centro-meridionale_Storia dell’agricoltura italiana, 1_221-233", "region": "Lazio", "province": "Frosinone", "chronology_iccd": "Età del Bronzo medio", "parent_chronology_iccd": "Età del Bronzo", "osm_wikipedia": null, "osm_wikimedia_commons": null, "osm_wikidata": null, "osm_website": null }, "geometry": { "type": "MultiPolygon", "coordinates": [ [ [ [ 13.252821768045751, 41.750040819265351 ], [ 13.252821362503648, 41.750031824125514 ], [ 13.252809265874243, 41.750032125688811 ], [ 13.252809671414633, 41.750041120828747 ], [ 13.252821768045751, 41.750040819265351 ] ] ] ] } },
{ "type": "Feature", "properties": { "fid": 655, "centroid": null, "site_code": "CLA90", "name": "Narce (undet.)", "parent_context": null, "chron_orig": null, "c_appr": 3, "typology": "undet.", "c_notes": null, "site_name_brain": null, "macro_context_name": null, "site_id": 837, "source_type": null, "source": null, "bibliography": "Costantini, L._2002_Italia centro-meridionale_Storia dell’agricoltura italiana, 1_221-233", "region": "Lazio", "province": "Viterbo", "chronology_iccd": "Età del Bronzo finale", "parent_chronology_iccd": "Età del Bronzo", "osm_wikipedia": null, "osm_wikimedia_commons": null, "osm_wikidata": null, "osm_website": null }, "geometry": { "type": "MultiPolygon", "coordinates": [ [ ] ] } },
{ "type": "Feature", "properties": { "fid": 657, "centroid": null, "site_code": "CLA84", "name": "Sorgente della Nova (undet.)", "parent_context": null, "chron_orig": null, "c_appr": 3, "typology": "undet.", "c_notes": null, "site_name_brain": null, "macro_context_name": null, "site_id": 831, "source_type": null, "source": null, "bibliography": "Costantini, L._2002_Italia centro-meridionale_Storia dell’agricoltura italiana, 1_221-233", "region": "Lazio", "province": "Roma", "chronology_iccd": "Età del Bronzo finale", "parent_chronology_iccd": "Età del Bronzo", "osm_wikipedia": null, "osm_wikimedia_commons": null, "osm_wikidata": null, "osm_website": null }, "geometry": { "type": "MultiPolygon", "coordinates": [ [ ] ] } },
{ "type": "Feature", "properties": { "fid": 659, "centroid": null, "site_code": "CLA85", "name": "Torrionaccio (settlement)", "parent_context": null, "chron_orig": null, "c_appr": 3, "typology": "settlement", "c_notes": null, "site_name_brain": null, "macro_context_name": null, "site_id": 832, "source_type": null, "source": null, "bibliography": "Costantini, L._2002_Italia centro-meridionale_Storia dell’agricoltura italiana, 1_221-233 ; Follieri, M.,_1978_Torrionaccio (Viterbo). Scavo di un abitato protostorico_Notizie Scavi, 32_271", "region": "Lazio", "province": "Roma", "chronology_iccd": "Età del Bronzo finale", "parent_chronology_iccd": "Età del Bronzo", "osm_wikipedia": null, "osm_wikimedia_commons": null, "osm_wikidata": null, "osm_website": null }, "geometry": { "type": "MultiPolygon", "coordinates": [ [ ] ] } },
{ "type": "Feature", "properties": { "fid": 664, "centroid": null, "site_code": "CLA92", "name": "San Giovenale (undet.)", "parent_context": null, "chron_orig": null, "c_appr": 3, "typology": "undet.", "c_notes": "<!DOCTYPE HTML PUBLIC \"-//W3C//DTD HTML 4.0//EN\" \"http://www.w3.org/TR/REC-html40/strict.dtd\">\n<html><head><meta name=\"qrichtext\" content=\"1\" /><style type=\"text/css\">\np, li { white-space: pre-wrap; }\n</style></head><body style=\" font-family:'MS Shell Dlg 2'; font-size:7.8pt; font-weight:400; font-style:normal;\">\n<p style=\" margin-top:0px; margin-bottom:0px; margin-left:0px; margin-right:0px; -qt-block-indent:0; text-indent:0px;\">NULL</p></body></html>", "site_name_brain": null, "macro_context_name": null, "site_id": 840, "source_type": null, "source": null, "bibliography": "Helbaek, H.,_1981_San Giovenale: Vol. II, Fasc. 4. The Semi-subterranean Building in Area B_appendix by Helbaek", "region": "Lazio", "province": "Viterbo", "chronology_iccd": "Età del Bronzo finale", "parent_chronology_iccd": "Età del Bronzo", "osm_wikipedia": null, "osm_wikimedia_commons": null, "osm_wikidata": null, "osm_website": null }, "geometry": { "type": "MultiPolygon", "coordinates": [ [ ] ] } },
{ "type": "Feature", "properties": { "fid": 667, "centroid": null, "site_code": "CLA87", "name": "Satricum (undet.)", "parent_context": null, "chron_orig": null, "c_appr": 3, "typology": "undet.", "c_notes": null, "site_name_brain": null, "macro_context_name": null, "site_id": 834, "source_type": null, "source": null, "bibliography": "Costantini, L._2002_Italia centro-meridionale_Storia dell’agricoltura italiana, 1_221-233", "region": "Lazio", "province": "Viterbo", "chronology_iccd": "Seconda età del Ferro", "parent_chronology_iccd": "Età del Ferro", "osm_wikipedia": null, "osm_wikimedia_commons": null, "osm_wikidata": null, "osm_website": null }, "geometry": { "type": "MultiPolygon", "coordinates": [ [ ] ] } },
{ "type": "Feature", "properties": { "fid": 669, "centroid": null, "site_code": "CLA95", "name": "Acquarossa (undet.)", "parent_context": null, "chron_orig": null, "c_appr": 3, "typology": "undet.", "c_notes": null, "site_name_brain": null, "macro_context_name": null, "site_id": 842, "source_type": null, "source": null, "bibliography": "Costantini, L._2002_Italia centro-meridionale_Storia dell’agricoltura italiana, 1_221-233", "region": "Lazio", "province": "Viterbo", "chronology_iccd": null, "parent_chronology_iccd": "Periodo Arcaico (Roma)", "osm_wikipedia": null, "osm_wikimedia_commons": null, "osm_wikidata": null, "osm_website": null }, "geometry": { "type": "MultiPolygon", "coordinates": [ [ ] ] } },
{ "type": "Feature", "properties": { "fid": 671, "centroid": null, "site_code": "CLA89", "name": "Sant'Antonio - Cereveteri (funerary)", "parent_context": null, "chron_orig": null, "c_appr": 3, "typology": "funerary", "c_notes": null, "site_name_brain": null, "macro_context_name": null, "site_id": 836, "source_type": null, "source": null, "bibliography": "Izzet, V. E._2000_The Etruscan sanctuary at Cerveteri, Sant'Antonio: preliminary report of excavations 1995–8_Papers of the British School at Rome, 68_321-335", "region": "Lazio", "province": "Viterbo", "chronology_iccd": null, "parent_chronology_iccd": "Periodo Etrusco Arcaico", "osm_wikipedia": null, "osm_wikimedia_commons": null, "osm_wikidata": null, "osm_website": null }, "geometry": { "type": "MultiPolygon", "coordinates": [ [ ] ] } },
{ "type": "Feature", "properties": { "fid": 672, "centroid": null, "site_code": "CLA89", "name": "Sant'Antonio - Cereveteri (sacred)", "parent_context": null, "chron_orig": null, "c_appr": 3, "typology": "sacred", "c_notes": null, "site_name_brain": null, "macro_context_name": null, "site_id": 836, "source_type": null, "source": null, "bibliography": "Izzet, V. E._2000_The Etruscan sanctuary at Cerveteri, Sant'Antonio: preliminary report of excavations 1995–8_Papers of the British School at Rome, 68_321-335", "region": "Lazio", "province": "Viterbo", "chronology_iccd": "Prima Repubblica (Roma)", "parent_chronology_iccd": "Periodo Etrusco Arcaico ; Periodo Repubblicano (Roma)", "osm_wikipedia": null, "osm_wikimedia_commons": null, "osm_wikidata": null, "osm_website": null }, "geometry": { "type": "MultiPolygon", "coordinates": [ [ ] ] } },
{ "type": "Feature", "properties": { "fid": 731, "centroid": null, "site_code": "CLA81", "name": "Leopoli - Cencelle (settlement)", "parent_context": null, "chron_orig": null, "c_appr": 3, "typology": "settlement", "c_notes": null, "site_name_brain": null, "macro_context_name": null, "site_id": 260, "source_type": null, "source": null, "bibliography": "Stasolla, F. R., Bougard, F., & Ermini, L. P. (2012). Leopoli-Cencelle: il quartiere sud-orientale. Fondazione Centro italiano di studi sull'alto Medioevo. ; Stasolla, F. R.,_Bougard, F.,_Ermini, L. P._2012_Leopoli-Cencelle: il quartiere sud-orientale_Fondazione Centro italiano di studi sull'alto Medioevo.", "region": "Lazio", "province": "Viterbo", "chronology_iccd": null, "parent_chronology_iccd": "Medioevo", "osm_wikipedia": "it:Cencelle", "osm_wikimedia_commons": null, "osm_wikidata": "Q3664371", "osm_website": null }, "geometry": { "type": "MultiPolygon", "coordinates": [ [ ] ] } },
{ "type": "Feature", "properties": { "fid": 748, "centroid": "", "site_code": "CMA2", "name": "Madonna del Piano (settlement)", "parent_context": null, "chron_orig": null, "c_appr": 3, "typology": "settlement", "c_notes": null, "site_name_brain": "Madonna del Piano", "macro_context_name": null, "site_id": 459, "source_type": null, "source": null, "bibliography": "Carra, M._2010_Il contributo dell’Archeobotanica: analisi paleocarpologica preliminare del saggio F_Archeologia nella Valle del Cesano da Suasa a Santa Maria in Portuno. Atti del Convegno per i venti anni di ricerche dell’Università di Bologna (Castelleone di Suasa, Corinaldo, San Lorenzo in Campo 18-19 Dicembre 2008)_Ante Quem_491-495 ; Giorgi, E.,_Lepore, G.,_Carra, M._2010_Archeologia nella valle del Cesano da Suasa a Santa Maria in Portuno_Atti del Convegno per i venti anni di ricerche dell’", "region": "Marche", "province": "Ancona", "chronology_iccd": "Alto Medioevo ; Età tardoimperiale", "parent_chronology_iccd": "Medioevo ; Periodo Imperiale (Roma) ; Tarda Antichità", "osm_wikipedia": null, "osm_wikimedia_commons": null, "osm_wikidata": null, "osm_website": null }, "geometry": { "type": "MultiPolygon", "coordinates": [ [ [ [ 13.047906486578636, 43.648904271422076 ], [ 13.047905882397137, 43.648895289860128 ], [ 13.047893513422281, 43.6488957285775 ], [ 13.047894117601947, 43.648904710139583 ], [ 13.047906486578636, 43.648904271422076 ] ] ] ] } },
{ "type": "Feature", "properties": { "fid": 762, "centroid": "", "site_code": "CMA3", "name": "Suasa (funerary)", "parent_context": null, "chron_orig": null, "c_appr": 3, "typology": "funerary", "c_notes": null, "site_name_brain": "Suasa", "macro_context_name": null, "site_id": 460, "source_type": null, "source": null, "bibliography": "Giorgi, E.,_Lepore, G.,_Carra, M._2010_Archeologia nella valle del Cesano da Suasa a Santa Maria in Portuno_Atti del Convegno per i venti anni di ricerche dell’Università di Bologna (Castelleone di Suasa, Corinaldo, San Lorenzo in Campo, 18-19 dicembre 2008), Bologna_121-124", "region": "Marche", "province": "Ancona", "chronology_iccd": "Età tardoimperiale ; Alto Medioevo", "parent_chronology_iccd": "Medioevo ; Periodo Imperiale (Roma) ; Tarda Antichità", "osm_wikipedia": null, "osm_wikimedia_commons": null, "osm_wikidata": null, "osm_website": null }, "geometry": { "type": "MultiPolygon", "coordinates": [ [ [ [ 12.976375921551476, 43.607393164769832 ], [ 12.976375328888199, 43.607384182354558 ], [ 12.97636296733833, 43.60738461300754 ], [ 12.976363559999774, 43.607393595422934 ], [ 12.976375921551476, 43.607393164769832 ] ] ] ] } },
{ "type": "Feature", "properties": { "fid": 770, "centroid": "", "site_code": "CMA5", "name": "Monte Torto di Osimo (settlement)", "parent_context": null, "chron_orig": null, "c_appr": 3, "typology": "settlement", "c_notes": null, "site_name_brain": "Monte Torto di Osimo", "macro_context_name": null, "site_id": 462, "source_type": null, "source": null, "bibliography": "Abbate Edlmann, M. L.,Giachi, G.,Mariotti, M._2001_I resti antracologici_Monte Torto di Osimo. L’impianto produttivo_Servizio Editoria della Soprintendenza Archeologica per le Marche_203-213 ; Abbate Edlmann, M. L.,_Giachi, G.,_Mariotti, M._2001_I resti antracologici_Monte Torto di Osimo. L’impianto produttivo_Servizio Editoria della Soprintendenza Archeologica per le Marche_203-213", "region": "Marche", "province": "Ancona", "chronology_iccd": "Età altoimperiale", "parent_chronology_iccd": "Periodo Imperiale (Roma) ; Tarda Antichità", "osm_wikipedia": null, "osm_wikimedia_commons": null, "osm_wikidata": null, "osm_website": null }, "geometry": { "type": "MultiPolygon", "coordinates": [ [ [ [ 13.390562047135155, 43.492226473925292 ], [ 13.390561395477503, 43.492217496085949 ], [ 13.390549063976865, 43.492217970518745 ], [ 13.390549715632702, 43.492226948358237 ], [ 13.390562047135155, 43.492226473925292 ] ] ] ] } },
{ "type": "Feature", "properties": { "fid": 781, "centroid": "", "site_code": "CMA7", "name": "Pieve di Carpegna (settlement)", "parent_context": null, "chron_orig": "", "c_appr": 3, "typology": "settlement", "c_notes": "<!DOCTYPE HTML PUBLIC \"-//W3C//DTD HTML 4.0//EN\" \"http://www.w3.org/TR/REC-html40/strict.dtd\">\n<html><head><meta name=\"qrichtext\" content=\"1\" /><style type=\"text/css\">\np, li { white-space: pre-wrap; }\n</style></head><body style=\" font-family:'Sans Serif'; font-size:9pt; font-weight:400; font-style:normal;\">\n<p style=\" margin-top:0px; margin-bottom:0px; margin-left:0px; margin-right:0px; -qt-block-indent:0; text-indent:0px;\">NULL</p></body></html>", "site_name_brain": "Pieve di Carpegna", "macro_context_name": null, "site_id": 464, "source_type": null, "source": null, "bibliography": "Provesi, I._ 2017/2018_Analisi carpologiche del sito di Pieve di Carpegna (PU): informazioni su un contesto marchigiano dell’Età del Bronzo_Laurea magistrale interateneo in Quaternario, Preistoria e Archeologia, Università di Ferrara – relatore: Bosi G. correlatori: Cardarelli, A., Rinaldi, R.", "region": "Marche", "province": "Pesaro Urbino", "chronology_iccd": "Età del Bronzo antico", "parent_chronology_iccd": "Età del Bronzo", "osm_wikipedia": null, "osm_wikimedia_commons": null, "osm_wikidata": null, "osm_website": null }, "geometry": { "type": "MultiPolygon", "coordinates": [ [ [ [ 12.360167565873109, 43.779737644940653 ], [ 12.360167061918188, 43.779728656590024 ], [ 12.360154656350035, 43.779729021725593 ], [ 12.360155160303105, 43.779738010076343 ], [ 12.360167565873109, 43.779737644940653 ] ] ] ] } },
{ "type": "Feature", "properties": { "fid": 790, "centroid": "", "site_code": "CMO2", "name": "Santa Maria in Civita (settlement)", "parent_context": null, "chron_orig": null, "c_appr": 3, "typology": "settlement", "c_notes": null, "site_name_brain": "D85 - Santa Maria in Civita", "macro_context_name": null, "site_id": 466, "source_type": null, "source": null, "bibliography": "Van der Veen, M._1985_An early medieval hilltop settlement in Molise: the plant remains from D85_Papers of the British School at Rome, 53_211-224 ; Webley, D._ 1980_Excavations at D85 (Santa Maria in Civita): an early medieval hilltop settlement in Molise_Papers of the British School at Rome_48, 70-124", "region": "Molise", "province": "Campobasso", "chronology_iccd": "Alto Medioevo", "parent_chronology_iccd": "Medioevo", "osm_wikipedia": null, "osm_wikimedia_commons": null, "osm_wikidata": null, "osm_website": null }, "geometry": { "type": "MultiPolygon", "coordinates": [ [ [ [ 14.822228616192614, 41.796115286843758 ], [ 14.822227802411151, 41.796106326414836 ], [ 14.822215828252661, 41.796106935378042 ], [ 14.822216642032474, 41.796115895807155 ], [ 14.822228616192614, 41.796115286843758 ] ] ] ] } },
{ "type": "Feature", "properties": { "fid": 839, "centroid": "", "site_code": "CMO5", "name": "San Vincenzo al Volturno (settlement)", "parent_context": null, "chron_orig": null, "c_appr": 3, "typology": "settlement", "c_notes": null, "site_name_brain": "San Vincenzo al Volturno", "macro_context_name": null, "site_id": 469, "source_type": null, "source": null, "bibliography": "Carannante A.,_De Rubeis, F.,_Marazzi, F._2008_Monasteri in Europa occidentale, secoli VIII-XI: topografia e strutture_Proceedings of the International Conference (Castel San Vincenzo, September 23rd–26th 2004, Vol. 95)_385-403 ; Carannante, A.,_Marazzi, F.,_Gobbi, A._2007_Il lavoro nella Regola. L'approvvigionamento alimentare e il cantiere edile a San Vincenzo al Volturno fra IX e XI secolo_QUADERNI DELLA RICERCA SCIENTIFICA, SERIE BENI CULTURALI 8_1-268", "region": "Molise", "province": "Isernia", "chronology_iccd": "Alto Medioevo", "parent_chronology_iccd": "Medioevo", "osm_wikipedia": null, "osm_wikimedia_commons": null, "osm_wikidata": null, "osm_website": null }, "geometry": { "type": "MultiPolygon", "coordinates": [ [ [ [ 14.088181334758845, 41.6498375537114 ], [ 14.088180626929919, 41.649828582061133 ], [ 14.088168665241973, 41.649829112954841 ], [ 14.088169373069253, 41.649838084605278 ], [ 14.088181334758845, 41.6498375537114 ] ] ] ] } },
{ "type": "Feature", "properties": { "fid": 846, "centroid": "", "site_code": "CTO1", "name": "Trebbio - Spinellina (settlement)", "parent_context": null, "chron_orig": null, "c_appr": 3, "typology": "settlement", "c_notes": null, "site_name_brain": "Trebbio - Spinellina", "macro_context_name": null, "site_id": 638, "source_type": null, "source": null, "bibliography": "Carra, M._2009_Analisi dei macroresti vegetali dall’area produttiva di Spinellina_L’Età del Ferro a Sansepolcro. Attività produttive e ambiente nel sito di Trebbio_83-88 ; Di Pasquale, G.,_Allevato, E.,_Cocchiararo, A.,_Moser, D.,_Pacciarelli, M.,_Saracino, A._2014_Late Holocene persistence of Abies alba in low‐mid altitude deciduous forests of central and southern Italy: new perspectives from charcoal data_Journal of vegetation science, 25(5)_1299-1310", "region": "Toscana", "province": "Arezzo", "chronology_iccd": "Umbro-Picena (facies)", "parent_chronology_iccd": "Eneolitico ; Periodo Arcaico (Roma)", "osm_wikipedia": null, "osm_wikimedia_commons": null, "osm_wikidata": null, "osm_website": null }, "geometry": { "type": "MultiPolygon", "coordinates": [ [ [ [ 12.143895306107328, 43.57555988065851 ], [ 12.14389483790206, 43.575550890054302 ], [ 12.143882471671359, 43.575551230452206 ], [ 12.143882939874798, 43.575560221056527 ], [ 12.143895306107328, 43.57555988065851 ] ] ] ] } },
{ "type": "Feature", "properties": { "fid": 857, "centroid": "", "site_code": "CTO2", "name": "Badia a Coltibuono - Cetamura (sacred)", "parent_context": null, "chron_orig": null, "c_appr": 3, "typology": "sacred", "c_notes": null, "site_name_brain": "Badia a Coltibuono - Cetamura", "macro_context_name": null, "site_id": 639, "source_type": null, "source": null, "bibliography": "Cottini, M._2009_Archaeobotanical analysis in Zone II. The Sanctuary of the Etruscan Artisans at Cetamura del Chianti_The Legacy of Alvaro Tracchi_175-87", "region": "Toscana", "province": "Arezzo", "chronology_iccd": "Periodo Tardo Repubblicano (Roma)", "parent_chronology_iccd": "Periodo Repubblicano (Roma)", "osm_wikipedia": null, "osm_wikimedia_commons": null, "osm_wikidata": null, "osm_website": null }, "geometry": { "type": "MultiPolygon", "coordinates": [ [ [ [ 11.450284138276475, 43.494726587772128 ], [ 11.450283774323893, 43.494717591711272 ], [ 11.450271417279996, 43.494717856671933 ], [ 11.450271781230747, 43.494726852732875 ], [ 11.450284138276475, 43.494726587772128 ] ] ] ] } },
{ "type": "Feature", "properties": { "fid": 863, "centroid": "", "site_code": "CTO2", "name": "Badia a Coltibuono - Cetamura (settlement)", "parent_context": null, "chron_orig": null, "c_appr": 3, "typology": "settlement", "c_notes": null, "site_name_brain": "Badia a Coltibuono - Cetamura", "macro_context_name": null, "site_id": 639, "source_type": null, "source": null, "bibliography": "Cottini, M._2009_Archaeobotanical analysis in Zone II. The Sanctuary of the Etruscan Artisans at Cetamura del Chianti_The Legacy of Alvaro Tracchi_175-87", "region": "Toscana", "province": "Arezzo", "chronology_iccd": "Periodo Tardo Repubblicano (Roma)", "parent_chronology_iccd": "Periodo Repubblicano (Roma)", "osm_wikipedia": null, "osm_wikimedia_commons": null, "osm_wikidata": null, "osm_website": null }, "geometry": { "type": "MultiPolygon", "coordinates": [ [ [ [ 11.450284138276475, 43.494726587772128 ], [ 11.450283774323893, 43.494717591711272 ], [ 11.450271417279996, 43.494717856671933 ], [ 11.450271781230747, 43.494726852732875 ], [ 11.450284138276475, 43.494726587772128 ] ] ] ] } },
{ "type": "Feature", "properties": { "fid": 866, "centroid": "", "site_code": "CTO3", "name": "Sesto Fiorentino (settlement)", "parent_context": null, "chron_orig": null, "c_appr": 3, "typology": "settlement", "c_notes": null, "site_name_brain": "Sesto Fiorentino", "macro_context_name": null, "site_id": 640, "source_type": null, "source": null, "bibliography": "Carra, M._2006_Plant macroremains from Olmi 1 (Sesto Fiorentino, Florence). Preliminary study_Bell Beaker in Everyday Life. Proceedings of the 10th Meeting ‘‘Archéologie et Gobelets’’Held in Florence, Siena and Villanuova sul Chiusi_59-66", "region": "Toscana", "province": "Firenze", "chronology_iccd": "Età del Bronzo antico", "parent_chronology_iccd": "Età del Bronzo ; da identificare", "osm_wikipedia": null, "osm_wikimedia_commons": null, "osm_wikidata": null, "osm_website": null }, "geometry": { "type": "MultiPolygon", "coordinates": [ [ [ [ 11.200006379792331, 43.833337712208348 ], [ 11.200006049112226, 43.833328715083582 ], [ 11.199993620208602, 43.833328954457954 ], [ 11.199993950886842, 43.833337951582806 ], [ 11.200006379792331, 43.833337712208348 ] ] ] ] } },
{ "type": "Feature", "properties": { "fid": 872, "centroid": "", "site_code": "CTO5", "name": "Firenze - Via de' Castellani (settlement)", "parent_context": null, "chron_orig": null, "c_appr": 3, "typology": "settlement", "c_notes": null, "site_name_brain": "Firenze - Via de' Castellani", "macro_context_name": null, "site_id": 642, "source_type": null, "source": null, "bibliography": "Mariotti Lippi, M.,_Bellini, C.,_Mori Secci, M.,_Gonnelli, T.,_Pallecchi, P._2015_Archaeobotany in Florence (Italy): landscape and urban development from the late Roman to the Middle Ages_Plant Biosystems-An International Journal Dealing with all Aspects of Plant Biology, 149(1)_216-227", "region": "Toscana", "province": "Firenze", "chronology_iccd": "Basso Medioevo", "parent_chronology_iccd": "Medioevo", "osm_wikipedia": null, "osm_wikimedia_commons": null, "osm_wikidata": null, "osm_website": null }, "geometry": { "type": "MultiPolygon", "coordinates": [ [ [ [ 11.255561932168851, 43.768337709212489 ], [ 11.25556159391024, 43.76832871232503 ], [ 11.255549178943189, 43.768328957453789 ], [ 11.255549517199942, 43.768337954341334 ], [ 11.255561932168851, 43.768337709212489 ] ] ] ] } },
{ "type": "Feature", "properties": { "fid": 879, "centroid": "", "site_code": "CTO6", "name": "Firenze (settlement)", "parent_context": null, "chron_orig": null, "c_appr": 3, "typology": "settlement", "c_notes": null, "site_name_brain": "Firenze", "macro_context_name": null, "site_id": 643, "source_type": null, "source": null, "bibliography": "Lippi, M. M.,_Bellini, C.,_Secci, M. M.,_Gonnelli, T_2009_Comparing seeds/fruits and pollen from a Middle Bronze Age pit in Florence (Italy)_Journal of Archaeological Science, 36(5)_1135-1141 ; Lippi, M. M.,_Bellini, C.,_Secci, M. M.,_Gonnelli, T_2009_Comparing seeds/fruits and pollen from a Middle Bronze Age pit in Florence (Italy)_Journal of Archaeological Science, 36(5)_1135-1141 Mariotti Lippi, M.,_Bellini, C.,_Gonnelli, T.,_Secci, M.M.,_Pallecchi, P.,_2012_From ceuntryside to city: archaeob", "region": "Toscana", "province": "Firenze", "chronology_iccd": "Età del Bronzo medio", "parent_chronology_iccd": "Età del Bronzo", "osm_wikipedia": null, "osm_wikimedia_commons": null, "osm_wikidata": null, "osm_website": null }, "geometry": { "type": "MultiPolygon", "coordinates": [ [ [ [ 11.256395265561077, 43.768337709164655 ], [ 11.256394927177556, 43.768328712282347 ], [ 11.256382512217632, 43.768328957501637 ], [ 11.256382850599293, 43.768337954384016 ], [ 11.256395265561077, 43.768337709164655 ] ] ] ] } },
{ "type": "Feature", "properties": { "fid": 882, "centroid": "", "site_code": "CTO8", "name": "Rocchette Pannocchieschi (settlement)", "parent_context": null, "chron_orig": null, "c_appr": 3, "typology": "settlement", "c_notes": null, "site_name_brain": "Rocchette Pannocchieschi", "macro_context_name": null, "site_id": 645, "source_type": null, "source": null, "bibliography": "Buonincontri, M.,_Di Falco, G.,_Di Pasquale, G._2013_Boschi e coltivi: la gestione delle risorse agroforestali. L’insediamento medievale nelle Colline Metallifere (Toscana, Italia)_Il sito minerario di Rocchette Pannocchieschi dall’VIII al XIV secolo. Oxford: Archaeopress_161-164", "region": "Toscana", "province": "Grosseto", "chronology_iccd": "Basso Medioevo", "parent_chronology_iccd": "Medioevo ; Rinascimento", "osm_wikipedia": null, "osm_wikimedia_commons": null, "osm_wikidata": null, "osm_website": null }, "geometry": { "type": "MultiPolygon", "coordinates": [ [ [ [ 10.890814614273912, 43.113904398466936 ], [ 10.890814337097089, 43.113895398468593 ], [ 10.890802052393655, 43.11389560153269 ], [ 10.890802329568679, 43.113904601531104 ], [ 10.890814614273912, 43.113904398466936 ] ] ] ] } },
{ "type": "Feature", "properties": { "fid": 890, "centroid": "", "site_code": "CTO9", "name": "Follonica (settlement)", "parent_context": null, "chron_orig": null, "c_appr": 3, "typology": "settlement", "c_notes": null, "site_name_brain": "Follonica", "macro_context_name": null, "site_id": 646, "source_type": null, "source": null, "bibliography": "Lippi, M. M.,_Giachi, G.,_Paci, S.,_Di Tommaso, P. L._2000_Studi sulla vegetazione attuale e passata della Toscana meridionale (Follonica—Italia) e considerazioni sull'impatto ambientale dell'attività metallurgica etnisca nel VI—V secolo aC._Webbia, 55(2)_279-295", "region": "Toscana", "province": "Grosseto", "chronology_iccd": null, "parent_chronology_iccd": "Periodo Etrusco Arcaico", "osm_wikipedia": null, "osm_wikimedia_commons": null, "osm_wikidata": null, "osm_website": null }, "geometry": { "type": "MultiPolygon", "coordinates": [ [ [ [ 10.77445069840727, 42.932782183246232 ], [ 10.774450439923349, 42.932773182376067 ], [ 10.774438190482508, 42.932773372308958 ], [ 10.774438448964647, 42.93278237317918 ], [ 10.77445069840727, 42.932782183246232 ] ] ] ] } },
{ "type": "Feature", "properties": { "fid": 900, "centroid": "", "site_code": "CTO10", "name": "Poggio Tondo - Pian d'Alma (settlement)", "parent_context": null, "chron_orig": null, "c_appr": 3, "typology": "settlement", "c_notes": null, "site_name_brain": "Poggio Tondo - Pian d'Alma", "macro_context_name": null, "site_id": 647, "source_type": null, "source": null, "bibliography": "Lippi, M. M.,_Giachi, G.,_Paci, S.,_Di Tommaso, P. L._2000_Studi sulla vegetazione attuale e passata della Toscana meridionale (Follonica—Italia) e considerazioni sull'impatto ambientale dell'attività metallurgica etnisca nel VI—V secolo aC._Webbia, 55(2)_279-295 ; Mariotti, M.,_Di Tommaso, P. L.,_Giachi, G.,_Mori Secci, M.,_Paci, S._2003_Archaeobotanical investigations into an Etruscan farmhouse at Pian d’Alma (Grosseto, Italy)_Atti Della Società Toscana Di Scienze Naturali Residente In Pisa. M", "region": "Toscana", "province": "Grosseto", "chronology_iccd": "Seconda età del Ferro", "parent_chronology_iccd": "Età del Ferro ; Periodo Etrusco Arcaico", "osm_wikipedia": null, "osm_wikimedia_commons": null, "osm_wikidata": null, "osm_website": null }, "geometry": { "type": "MultiPolygon", "coordinates": [ [ [ [ 10.847228473611832, 42.859171068253744 ], [ 10.847228205221194, 42.859162067629626 ], [ 10.847215970833499, 42.859162265079199 ], [ 10.847216239222361, 42.859171265703381 ], [ 10.847228473611832, 42.859171068253744 ] ] ] ] } },
{ "type": "Feature", "properties": { "fid": 981, "centroid": "", "site_code": "CTO12", "name": "San Martino (settlement)", "parent_context": null, "chron_orig": null, "c_appr": 3, "typology": "settlement", "c_notes": null, "site_name_brain": "San Martino", "macro_context_name": null, "site_id": 649, "source_type": null, "source": null, "bibliography": "Rattighieri, E.,_Rinaldi, R.,_Bowes, K._Mercuri, A. M._2013_Land use from seasonal archaeological sites: the archaeobotanical evidence of small Roman farmhouses in cinigiano, south-eastern Tuscany-central Italy_Annali di Botanica, 3_207-215", "region": "Toscana", "province": "Grosseto", "chronology_iccd": "Periodo Tardo Repubblicano (Roma)", "parent_chronology_iccd": "Periodo Repubblicano (Roma)", "osm_wikipedia": null, "osm_wikimedia_commons": null, "osm_wikidata": null, "osm_website": null }, "geometry": { "type": "MultiPolygon", "coordinates": [ [ [ [ 11.38472018621664, 42.945251593262981 ], [ 11.384719838728019, 42.945242595899771 ], [ 11.384707591562028, 42.945242851181085 ], [ 11.384707939048869, 42.945251848544373 ], [ 11.38472018621664, 42.945251593262981 ] ] ] ] } },
{ "type": "Feature", "properties": { "fid": 983, "centroid": "", "site_code": "CTO13", "name": "Poggio dell'Amore (settlement)", "parent_context": null, "chron_orig": null, "c_appr": 3, "typology": "settlement", "c_notes": null, "site_name_brain": "Poggio dell'Amore", "macro_context_name": null, "site_id": 650, "source_type": null, "source": null, "bibliography": "Rattighieri, E.,_Rinaldi, R.,_Bowes, K._Mercuri, A. M._2013_Land use from seasonal archaeological sites: the archaeobotanical evidence of small Roman farmhouses in cinigiano, south-eastern Tuscany-central Italy_Annali di Botanica, 3_207-215. Mercuri, A. M.,_Rattighieri, E.,_Rinaldi, R._2020_Poggio dell'Amore-Botanical materials_The Roman Peasant Project 2009-2014. Excavating the Roman Rural Poor (Vol. 1,). University of Pennsylvania Museum of Archaeology and Anthropology_195-201", "region": "Toscana", "province": "Grosseto", "chronology_iccd": "Periodo Tardo Repubblicano (Roma)", "parent_chronology_iccd": "Periodo Repubblicano (Roma)", "osm_wikipedia": null, "osm_wikimedia_commons": null, "osm_wikidata": null, "osm_website": null }, "geometry": { "type": "MultiPolygon", "coordinates": [ [ [ [ 11.399425742151511, 42.939304370224662 ], [ 11.399425392593956, 42.93929537294872 ], [ 11.399413146738267, 42.939295629774961 ], [ 11.399413496294041, 42.93930462705098 ], [ 11.399425742151511, 42.939304370224662 ] ] ] ] } },
{ "type": "Feature", "properties": { "fid": 985, "centroid": "", "site_code": "CTO14", "name": "Podere Terrato (settlement)", "parent_context": null, "chron_orig": null, "c_appr": 3, "typology": "settlement", "c_notes": null, "site_name_brain": "Podere Terrato", "macro_context_name": null, "site_id": 651, "source_type": null, "source": null, "bibliography": "Mercuri, A. M.,_Rattighieri, E.,_Rinaldi, R._2020_San Martino-Botanical materials_The Roman Peasant Project 2009-2014. Excavating the Roman Rural Poor (Vol. 1). University of Pennsylvania Museum of Archaeology and Anthropology_173-179", "region": "Toscana", "province": "Grosseto", "chronology_iccd": "Età altoimperiale ; Periodo Tardo Repubblicano (Roma)", "parent_chronology_iccd": "Periodo Imperiale (Roma) ; Periodo Repubblicano (Roma)", "osm_wikipedia": null, "osm_wikimedia_commons": null, "osm_wikidata": null, "osm_website": null }, "geometry": { "type": "MultiPolygon", "coordinates": [ [ [ [ 11.375561850391666, 42.927504371616536 ], [ 11.375561504451358, 42.92749537416546 ], [ 11.375549260720334, 42.927495628383085 ], [ 11.375549606658861, 42.927504625834246 ], [ 11.375561850391666, 42.927504371616536 ] ] ] ] } },
{ "type": "Feature", "properties": { "fid": 992, "centroid": "", "site_code": "CTO15", "name": "Case Nuove (settlement)", "parent_context": null, "chron_orig": null, "c_appr": 3, "typology": "settlement", "c_notes": null, "site_name_brain": "Case Nuove", "macro_context_name": null, "site_id": 652, "source_type": null, "source": null, "bibliography": "Vaccaro, E.,_Ghisleni, M.,_Arnoldus-Huyzendveld, A.,_Grey, C.,_Bowes, K.,_MacKinnon, M.,_Mercuri, A.M.,_Pecci, A.,_Cau Ontiveros, M.A.,_Rattigheri, E.,_Rinaldi, R._2013_Excavating the Roman peasant II: excavations at Case Nuove, Cinigiano (GR) 1_Papers of the British School at Rome, 81_129-179", "region": "Toscana", "province": "Grosseto", "chronology_iccd": "Età altoimperiale ; Età tardoimperiale", "parent_chronology_iccd": "Medioevo ; Periodo Imperiale (Roma) ; Tarda Antichità", "osm_wikipedia": null, "osm_wikimedia_commons": null, "osm_wikidata": null, "osm_website": null }, "geometry": { "type": "MultiPolygon", "coordinates": [ [ [ [ 11.345947955699916, 42.891484928964275 ], [ 11.345947614499403, 42.89147593126431 ], [ 11.345935377634307, 42.891476182146477 ], [ 11.345935718833044, 42.891485179846512 ], [ 11.345947955699916, 42.891484928964275 ] ] ] ] } },
{ "type": "Feature", "properties": { "fid": 998, "centroid": "", "site_code": "CTO18", "name": "Scarceta di Manciano (settlement)", "parent_context": null, "chron_orig": null, "c_appr": 3, "typology": "settlement", "c_notes": null, "site_name_brain": "Scarceta di Manciano", "macro_context_name": null, "site_id": 655, "source_type": null, "source": null, "bibliography": "Rottoli, M.,_Keller, R. P.,_Chiesa, S.,_Martini, F._1999_Le analisi archeobotaniche_Scarceta di Manciano (GR): un centro abitativo e artigianale dell'eta'del bronzo sulle rive del Fiora. Museo di Preistoria e Protostoria della Valle del fiume Fiora (Cap VII)_151-153", "region": "Toscana", "province": "Grosseto", "chronology_iccd": "Età del Bronzo recente ; Età del Bronzo finale", "parent_chronology_iccd": "Età del Bronzo", "osm_wikipedia": null, "osm_wikimedia_commons": null, "osm_wikidata": null, "osm_website": null }, "geometry": { "type": "MultiPolygon", "coordinates": [ [ [ [ 11.51500626880817, 42.587504364812219 ], [ 11.515005906900811, 42.587495367762294 ], [ 11.514993731192703, 42.587495635187388 ], [ 11.514994093098316, 42.587504632237405 ], [ 11.51500626880817, 42.587504364812219 ] ] ] ] } },
{ "type": "Feature", "properties": { "fid": 1029, "centroid": "", "site_code": "CTO19", "name": "Shipwreck Giglio porto (underwater)", "parent_context": null, "chron_orig": null, "c_appr": 3, "typology": "underwater", "c_notes": null, "site_name_brain": "Shipwreck Giglio porto", "macro_context_name": null, "site_id": 656, "source_type": null, "source": null, "bibliography": "Arobba, D.,_Bandini, M.,_Bertolani, D.,_Galasso, M.,_Giardini, G.,_Mannoni, T._1983_Studio pluridisciplinare del materiale proveniente da un carico navale del I–III secolo dC scoperto sui fondali dell’Isola del Giglio (Grosseto, Italia)_Rivista di Studi Liguri, 11_117-144", "region": "Toscana", "province": "Grosseto", "chronology_iccd": null, "parent_chronology_iccd": "Periodo Imperiale (Roma)", "osm_wikipedia": null, "osm_wikimedia_commons": null, "osm_wikidata": null, "osm_website": null }, "geometry": { "type": "MultiPolygon", "coordinates": [ [ [ [ 10.92028398318134, 42.360282176623912 ], [ 10.920283709005416, 42.360273175591658 ], [ 10.920271572375082, 42.360273378931289 ], [ 10.920271846549275, 42.360282379963614 ], [ 10.92028398318134, 42.360282176623912 ] ] ] ] } },
{ "type": "Feature", "properties": { "fid": 1049, "centroid": "", "site_code": "CTO21", "name": "Campiglia Marittima (settlement)", "parent_context": null, "chron_orig": null, "c_appr": 3, "typology": "settlement", "c_notes": null, "site_name_brain": "Campiglia Marittima", "macro_context_name": null, "site_id": 658, "source_type": null, "source": null, "bibliography": "Di Pasquale, G. (2003). Ipotesi di ricostruzione del paesaggio medievale di Campiglia Marittima. Campiglia: un castello e il suo territorio: vol. I: ricerca storica; vol. II: indagine archeologica.-(Biblioteca del Dipartimento di archeologia e storia delle arti, Sezione archeologica, Università di Siena; 8), 512-517 ; Di Pasquale, G.,_2003_Ipotesi di ricostruzione del paesaggio medievale di Campiglia Marittima_Campiglia: un castello e il suo territorio: vol. I: ricerca storica; vol. II: indagine", "region": "Toscana", "province": "Livorno", "chronology_iccd": "Alto Medioevo", "parent_chronology_iccd": "Medioevo ; Rinascimento", "osm_wikipedia": null, "osm_wikimedia_commons": null, "osm_wikidata": null, "osm_website": null }, "geometry": { "type": "MultiPolygon", "coordinates": [ [ [ [ 10.618339589684597, 43.060837747211295 ], [ 10.618339352878076, 43.060828745815485 ], [ 10.618327076982968, 43.060828919455012 ], [ 10.618327313787693, 43.060837920850894 ], [ 10.618339589684597, 43.060837747211295 ] ] ] ] } },
{ "type": "Feature", "properties": { "fid": 1053, "centroid": "", "site_code": "CTO22", "name": "Donoratico (settlement)", "parent_context": null, "chron_orig": null, "c_appr": 3, "typology": "settlement", "c_notes": null, "site_name_brain": "Donoratico", "macro_context_name": null, "site_id": 659, "source_type": null, "source": null, "bibliography": "Buonincontri, M.,_Allevato, E.,_Di Pasquale, G._2013_The problem of the alternating dominance of deciduous and evergreen vegetation: archaeo-anthracological data from Northern Maremma_Annali di Botanica, 3_165-171", "region": "Toscana", "province": "Livorno", "chronology_iccd": "Basso Medioevo", "parent_chronology_iccd": "Medioevo ; Tarda Antichità", "osm_wikipedia": null, "osm_wikimedia_commons": null, "osm_wikidata": null, "osm_website": null }, "geometry": { "type": "MultiPolygon", "coordinates": [ [ [ [ 10.586117374015886, 43.145559971032505 ], [ 10.586117141235375, 43.145550969628552 ], [ 10.586104848207235, 43.14555114007824 ], [ 10.586105080985945, 43.145560141482242 ], [ 10.586117374015886, 43.145559971032505 ] ] ] ] } },
{ "type": "Feature", "properties": { "fid": 1056, "centroid": null, "site_code": null, "name": "Populonia (settlement)", "parent_context": null, "chron_orig": null, "c_appr": 3, "typology": "settlement", "c_notes": null, "site_name_brain": "Populonia", "macro_context_name": null, "site_id": null, "source_type": null, "source": null, "bibliography": "Buonincontri, M.,_Allevato, E.,_Di Pasquale, G._2013_The problem of the alternating dominance of deciduous and evergreen vegetation: archaeo-anthracological data from Northern Maremma_Annali di Botanica, 3_165-171 ; Di Pasquale, G.,_Terzani, M._2006_Archeobotanica a Populonia: primi risultati e prospettive della ricerca_Materiali per Populonia 5 (Vol. 5)_283-291 ; Fontana, I. F.,_Menozzi, B. I.,_Montanari, C._2008_Charcoal as environmental and ethnological evidence from medieval archaeological s", "region": null, "province": null, "chronology_iccd": "Prima Repubblica (Roma) ; Periodo Tardo Repubblicano (Roma) ; Alto Medioevo ; Età del Bronzo recente ; Basso Medioevo", "parent_chronology_iccd": "Età del Bronzo ; Medioevo ; Periodo Repubblicano (Roma)", "osm_wikipedia": null, "osm_wikimedia_commons": null, "osm_wikidata": null, "osm_website": null }, "geometry": { "type": "MultiPolygon", "coordinates": [ [ ] ] } },
{ "type": "Feature", "properties": { "fid": 1064, "centroid": null, "site_code": null, "name": "Ospedale di Tea (settlement)", "parent_context": null, "chron_orig": null, "c_appr": 3, "typology": "settlement", "c_notes": "<!DOCTYPE HTML PUBLIC \"-//W3C//DTD HTML 4.0//EN\" \"http://www.w3.org/TR/REC-html40/strict.dtd\">\n<html><head><meta name=\"qrichtext\" content=\"1\" /><style type=\"text/css\">\np, li { white-space: pre-wrap; }\n</style></head><body style=\" font-family:'Sans Serif'; font-size:9pt; font-weight:400; font-style:normal;\">\n<p style=\" margin-top:0px; margin-bottom:0px; margin-left:0px; margin-right:0px; -qt-block-indent:0; text-indent:0px;\">NULL</p></body></html>", "site_name_brain": "Ospedale di Tea", "macro_context_name": null, "site_id": 2, "source_type": null, "source": null, "bibliography": "Fontana, I. F.,_Menozzi, B. I.,_Montanari, C._2008_Charcoal as environmental and ethnological evidence from medieval archaeological sites in NW-Italy_Charcoals from the Past: Cultural and Palaeoenvironmental Implications: Proceedings of the Third International Meeting of Anthracology, Cavallino, Lecce (Italy), June 28th-July 1st 2004 (Vol. 1807)_105", "region": "Abruzzo", "province": "Chieti", "chronology_iccd": "Basso Medioevo", "parent_chronology_iccd": "Medioevo", "osm_wikipedia": null, "osm_wikimedia_commons": null, "osm_wikidata": null, "osm_website": null }, "geometry": { "type": "MultiPolygon", "coordinates": [ [ ] ] } },
{ "type": "Feature", "properties": { "fid": 1087, "centroid": null, "site_code": null, "name": "Gorfigliano (settlement)", "parent_context": null, "chron_orig": null, "c_appr": 3, "typology": "settlement", "c_notes": null, "site_name_brain": "Gorfigliano", "macro_context_name": null, "site_id": null, "source_type": null, "source": null, "bibliography": "Fontana, I. F.,_Menozzi, B. I.,_Montanari, C._2008_Charcoal as environmental and ethnological evidence from medieval archaeological sites in NW-Italy_Charcoals from the Past: Cultural and Palaeoenvironmental Implications: Proceedings of the Third International Meeting of Anthracology, Cavallino, Lecce (Italy), June 28th-July 1st 2004 (Vol. 1807)_105", "region": null, "province": null, "chronology_iccd": "Alto Medioevo ; Basso Medioevo", "parent_chronology_iccd": "Età contemporanea ; Medioevo ; Periodo Moderno ; Rinascimento", "osm_wikipedia": null, "osm_wikimedia_commons": null, "osm_wikidata": null, "osm_website": null }, "geometry": { "type": "MultiPolygon", "coordinates": [ [ ] ] } },
{ "type": "Feature", "properties": { "fid": 1105, "centroid": "", "site_code": "CTO31", "name": "San Lorenzo al Cerreto (settlement)", "parent_context": null, "chron_orig": null, "c_appr": 3, "typology": "settlement", "c_notes": null, "site_name_brain": "San Lorenzo al Cerreto", "macro_context_name": null, "site_id": 668, "source_type": null, "source": null, "bibliography": "Fontana, I. F.,_Menozzi, B. I.,_Montanari, C._2008_Charcoal as environmental and ethnological evidence from medieval archaeological sites in NW-Italy_Charcoals from the Past: Cultural and Palaeoenvironmental Implications: Proceedings of the Third International Meeting of Anthracology, Cavallino, Lecce (Italy), June 28th-July 1st 2004 (Vol. 1807)_105", "region": "Toscana", "province": "Pistoia", "chronology_iccd": "Alto Medioevo", "parent_chronology_iccd": "Medioevo", "osm_wikipedia": null, "osm_wikimedia_commons": null, "osm_wikidata": null, "osm_website": null }, "geometry": { "type": "MultiPolygon", "coordinates": [ [ [ [ 10.694173019877683, 43.921393296410962 ], [ 10.694172764420122, 43.92138429671968 ], [ 10.694160313456585, 43.921384481366459 ], [ 10.694160568912274, 43.921393481057791 ], [ 10.694173019877683, 43.921393296410962 ] ] ] ] } },
{ "type": "Feature", "properties": { "fid": 1109, "centroid": "", "site_code": "CUM1", "name": "San Marco (settlement)", "parent_context": null, "chron_orig": null, "c_appr": 3, "typology": "settlement", "c_notes": null, "site_name_brain": "San Marco", "macro_context_name": null, "site_id": 728, "source_type": null, "source": null, "bibliography": "Costantini L., Stancarelli M._1994_Origini: preistoria e protostoria delle civiltà antiche XVIII_pp. 149-244_Malone, C.,_Stoddart, S._1992_The neolithic site of San Marco, Gubbio (Perugia), Umbria: survey and excavation 1985–7_Papers of the British School at Rome, 60_1-69 ; Costantini L.,_Stancarelli M._1994_Origini: preistoria e protostoria delle civiltà antiche XVIII_149-244_Malone, C.,_Stoddart, S._1992_The neolithic site of San Marco, Gubbio (Perugia)_Umbria: survey and excavation 1985–7_Pap", "region": "Umbria", "province": "Perugia", "chronology_iccd": "Neolitico Iniziale", "parent_chronology_iccd": "Neolitico", "osm_wikipedia": null, "osm_wikimedia_commons": null, "osm_wikidata": null, "osm_website": null }, "geometry": { "type": "MultiPolygon", "coordinates": [ [ [ [ 12.361395272057253, 43.130282091976014 ], [ 12.361394779216514, 43.130273102613089 ], [ 12.361382505721421, 43.130273463579151 ], [ 12.361382998560369, 43.13028245294219 ], [ 12.361395272057253, 43.130282091976014 ] ] ] ] } },
{ "type": "Feature", "properties": { "fid": 1135, "centroid": "", "site_code": "CUM2", "name": "San Savino (settlement)", "parent_context": null, "chron_orig": null, "c_appr": 3, "typology": "settlement", "c_notes": null, "site_name_brain": "San Savino", "macro_context_name": null, "site_id": 729, "source_type": null, "source": null, "bibliography": "Angelini, P._,De Angelis,_M. C.,_Guerzoni, R. P.,_Gigante, D.,_Rubini, A.,_Properzi, A.,_Venanzoni, R._2014_Wood identification of pile dwellings from the Bronze Age San Savino site (Lake Trasimeno, central Italy)_Plant Biosystems-An International Journal Dealing with all Aspects of Plant Biology, 148(4)_713-722", "region": "Umbria", "province": "Perugia", "chronology_iccd": "Età del Bronzo medio", "parent_chronology_iccd": "Età del Bronzo", "osm_wikipedia": null, "osm_wikimedia_commons": null, "osm_wikidata": null, "osm_website": null }, "geometry": { "type": "MultiPolygon", "coordinates": [ [ [ [ 12.186459146967406, 43.109543213338497 ], [ 12.186458680086686, 43.109534222369739 ], [ 12.186446408589044, 43.10953456443891 ], [ 12.186446875467974, 43.109543555407768 ], [ 12.186459146967406, 43.109543213338497 ] ] ] ] } },
{ "type": "Feature", "properties": { "fid": 1144, "centroid": "", "site_code": "CUM6", "name": "Spoleto - Chiesa di San Nicola (funerary)", "parent_context": null, "chron_orig": null, "c_appr": 3, "typology": "funerary ", "c_notes": null, "site_name_brain": "Spoleto - Chiesa di San Nicola", "macro_context_name": null, "site_id": 733, "source_type": null, "source": null, "bibliography": "Fornaciari, A.,_Giuffra, V.,_Marvelli, S.,_Fornaciari, G._2008_ The blessed Christina from Spoleto: a case of 15th century artificial mummy from Umbria (central Italy)_In Mummies and Science World Mummies Research_521-527", "region": "Umbria", "province": "Perugia", "chronology_iccd": "Basso Medioevo", "parent_chronology_iccd": "Medioevo", "osm_wikipedia": null, "osm_wikimedia_commons": null, "osm_wikidata": null, "osm_website": null }, "geometry": { "type": "MultiPolygon", "coordinates": [ [ [ [ 12.735284142702863, 42.732504294117966 ], [ 12.735283602674448, 42.732495307773007 ], [ 12.735271412853573, 42.732495705881625 ], [ 12.735271952880236, 42.732504692226712 ], [ 12.735284142702863, 42.732504294117966 ] ] ] ] } },
{ "type": "Feature", "properties": { "fid": 1146, "centroid": null, "site_code": "CMA8", "name": "Grotta del Mezzogiorno (settlement)", "parent_context": null, "chron_orig": null, "c_appr": 3, "typology": "settlement", "c_notes": null, "site_name_brain": null, "macro_context_name": null, "site_id": 850, "source_type": null, "source": null, "bibliography": "Costantini, L._2002_Italia centro-meridionale_Storia dell’agricoltura italiana, 1_221-233", "region": "Marche", "province": "Macerata", "chronology_iccd": "Età del Bronzo medio", "parent_chronology_iccd": "Età del Bronzo", "osm_wikipedia": null, "osm_wikimedia_commons": null, "osm_wikidata": null, "osm_website": null }, "geometry": { "type": "MultiPolygon", "coordinates": [ [ ] ] } },
{ "type": "Feature", "properties": { "fid": 1148, "centroid": null, "site_code": "CMA9", "name": "Santa Maria in Selva (settlement)", "parent_context": null, "chron_orig": null, "c_appr": 3, "typology": "settlement", "c_notes": null, "site_name_brain": null, "macro_context_name": null, "site_id": 851, "source_type": null, "source": null, "bibliography": "Costantini, L._2002_Italia centro-meridionale_Storia dell’agricoltura italiana, 1_221-233", "region": "Marche", "province": "Ancona", "chronology_iccd": "Neolitico Finale", "parent_chronology_iccd": "Neolitico", "osm_wikipedia": null, "osm_wikimedia_commons": null, "osm_wikidata": null, "osm_website": null }, "geometry": { "type": "MultiPolygon", "coordinates": [ [ ] ] } },
{ "type": "Feature", "properties": { "fid": 1150, "centroid": null, "site_code": "CMA10", "name": "Villamagna (settlement)", "parent_context": null, "chron_orig": null, "c_appr": 3, "typology": "settlement", "c_notes": null, "site_name_brain": null, "macro_context_name": null, "site_id": 852, "source_type": null, "source": null, "bibliography": "Carmenati, R.,_Perna, R.,_Fiorentino, G.,_2019_XVIII conference of the international workgroup for palaeoethnobotany, lecce 3-8 june, 2019_The Roman Villa of Villamagna (Urbisaglia (Macerata), Italy): Pilot Archaeobotany Analysis", "region": "Marche", "province": "Macerata", "chronology_iccd": "Alto Medioevo ; Basso Medioevo", "parent_chronology_iccd": "Medioevo ; Periodo Imperiale (Roma) ; Tarda Antichità", "osm_wikipedia": null, "osm_wikimedia_commons": null, "osm_wikidata": null, "osm_website": null }, "geometry": { "type": "MultiPolygon", "coordinates": [ [ ] ] } },
{ "type": "Feature", "properties": { "fid": 1157, "centroid": "", "site_code": "CAB6", "name": "Alba Fucens - Sanctuary of Hercules", "parent_context": "", "chron_orig": "late 5th–early 6th century AD", "c_appr": 3, "typology": "sacred", "c_notes": null, "site_name_brain": null, "macro_context_name": null, "site_id": 1, "source_type": null, "source": null, "bibliography": "Moricca, C.,_Russo, G.,_Iamonico, D.,_Ceccaroni, E.,_Favero, G.,_Sadori, L._2024_Food and Environment During the Late Roman Age at the Site of Alba Fucens (Abruzzi, Italy)_Plants, 13(20), 2991 ; Moricca, C.,_Russo, G.,_Iamonico, D.,_Ceccaroni, E.,_Favero, G.,_Sadori, L._2024_Food and Environment During the Late Roman Age at the Site of Alba Fucens (Abruzzi, Italy)_Plants, 13(20), 3021 ; Moricca, C.,_Russo, G.,_Iamonico, D.,_Ceccaroni, E.,_Favero, G.,_Sadori, L._2024_Food and Environment During t", "region": "Abruzzo", "province": "L'Aquila", "chronology_iccd": "Alto Medioevo", "parent_chronology_iccd": "Medioevo ; Tarda Antichità", "osm_wikipedia": null, "osm_wikimedia_commons": null, "osm_wikidata": null, "osm_website": null }, "geometry": { "type": "MultiPolygon", "coordinates": [ [ [ [ 13.412275, 42.08004722222222 ], [ 13.412226056516294, 42.079738205227848 ], [ 13.412084016994374, 42.079459436969927 ], [ 13.411862785252293, 42.079238205227846 ], [ 13.411584016994375, 42.079096165705927 ], [ 13.411275, 42.079047222222222 ], [ 13.410965983005624, 42.079096165705927 ], [ 13.410687214747707, 42.079238205227846 ], [ 13.410465983005626, 42.079459436969927 ], [ 13.410323943483705, 42.079738205227848 ], [ 13.410275, 42.08004722222222 ], [ 13.410323943483705, 42.080356239216592 ], [ 13.410465983005626, 42.080635007474513 ], [ 13.410687214747707, 42.080856239216594 ], [ 13.410965983005624, 42.080998278738512 ], [ 13.411275, 42.081047222222217 ], [ 13.411584016994375, 42.080998278738512 ], [ 13.411862785252293, 42.080856239216594 ], [ 13.412084016994374, 42.080635007474513 ], [ 13.412226056516294, 42.080356239216592 ], [ 13.412275, 42.08004722222222 ] ] ] ] } },
{ "type": "Feature", "properties": { "fid": 1164, "centroid": "", "site_code": "CTO28", "name": "Candalla - Riparo del Lauro", "parent_context": "", "chron_orig": "fase iniziale del bronzo medio", "c_appr": 3, "typology": "settlement", "c_notes": "", "site_name_brain": null, "macro_context_name": null, "site_id": 665, "source_type": null, "source": null, "bibliography": "Nisbet, R._1987_L'utilizzazione delle piante al Riparo del Lauro durante l'et� del Bronzo_Il riparo del Lauro di Candalla nel Quadro del Bronzo medio iniziale dell�Italia centrooccidentale_175-185 ; Nisbet, R._1987_L'utilizzazione delle piante al Riparo del Lauro durante l'et� del Bronzo_Il riparo del Lauro di Candalla nel Quadro del Bronzo medio iniziale dell�Italia centrooccidentale_175-193", "region": "Toscana", "province": "Pisa", "chronology_iccd": "appenninica (cultura)", "parent_chronology_iccd": "Età del Bronzo", "osm_wikipedia": null, "osm_wikimedia_commons": null, "osm_wikidata": null, "osm_website": null }, "geometry": { "type": "MultiPolygon", "coordinates": [ [ [ [ 10.326277777777777, 43.957777777777778 ], [ 10.326228834294072, 43.957468760783406 ], [ 10.326086794772152, 43.957189992525485 ], [ 10.325865563030071, 43.956968760783404 ], [ 10.325586794772153, 43.956826721261486 ], [ 10.325277777777778, 43.956777777777781 ], [ 10.324968760783403, 43.956826721261486 ], [ 10.324689992525485, 43.956968760783404 ], [ 10.324468760783404, 43.957189992525485 ], [ 10.324326721261484, 43.957468760783406 ], [ 10.324277777777779, 43.957777777777778 ], [ 10.324326721261484, 43.95808679477215 ], [ 10.324468760783404, 43.958365563030071 ], [ 10.324689992525485, 43.958586794772152 ], [ 10.324968760783403, 43.958728834294071 ], [ 10.325277777777778, 43.958777777777776 ], [ 10.325586794772153, 43.958728834294071 ], [ 10.325865563030071, 43.958586794772152 ], [ 10.326086794772152, 43.958365563030071 ], [ 10.326228834294072, 43.95808679477215 ], [ 10.326277777777777, 43.957777777777778 ] ] ] ] } },
{ "type": "Feature", "properties": { "fid": 1166, "centroid": "", "site_code": "CTO23", "name": "Populonia (funerary)", "parent_context": "", "chron_orig": "IV - II sec. a.C.", "c_appr": 3, "typology": "funerary", "c_notes": "", "site_name_brain": null, "macro_context_name": null, "site_id": 660, "source_type": null, "source": null, "bibliography": "Giachi, G.,_Mariotti, M.,_Pallecchi, P._2009_Indagini archeobotaniche. In Populonia. La necropoli delle grotte. Lo scavo nell�area della cava 1997-98_Edizioni ETS_337-343 ; Giachi, G.,_Mariotti, M.,_Pallecchi, P._2009_Indagini archeobotaniche. In Populonia. La necropoli delle grotte. Lo scavo nell�area della cava 1997-98_Edizioni ETS_337-344 ; Giachi, G.,_Mariotti, M.,_Pallecchi, P._2009_Indagini archeobotaniche. In Populonia. La necropoli delle grotte. Lo scavo nell�area della cava 1997-98_Ediz", "region": "Toscana", "province": "Livorno", "chronology_iccd": "periodo classico (cultura etrusca)", "parent_chronology_iccd": "Periodo Etrusco", "osm_wikipedia": null, "osm_wikimedia_commons": null, "osm_wikidata": null, "osm_website": null }, "geometry": { "type": "MultiPolygon", "coordinates": [ [ [ [ 10.490722222222221, 42.9875 ], [ 10.490673278738516, 42.987190983005625 ], [ 10.490531239216596, 42.986912214747704 ], [ 10.490310007474514, 42.986690983005623 ], [ 10.490031239216597, 42.986548943483704 ], [ 10.489722222222222, 42.9865 ], [ 10.489413205227846, 42.986548943483704 ], [ 10.489134436969929, 42.986690983005623 ], [ 10.488913205227847, 42.986912214747704 ], [ 10.488771165705927, 42.987190983005625 ], [ 10.488722222222222, 42.9875 ], [ 10.488771165705927, 42.987809016994369 ], [ 10.488913205227847, 42.98808778525229 ], [ 10.489134436969929, 42.988309016994371 ], [ 10.489413205227846, 42.98845105651629 ], [ 10.489722222222222, 42.9885 ], [ 10.490031239216597, 42.98845105651629 ], [ 10.490310007474514, 42.988309016994371 ], [ 10.490531239216596, 42.98808778525229 ], [ 10.490673278738516, 42.987809016994369 ], [ 10.490722222222221, 42.9875 ] ] ] ] } },
{ "type": "Feature", "properties": { "fid": 1172, "centroid": "", "site_code": "CTO26", "name": "Grotta all'Onda", "parent_context": "", "chron_orig": "Eneolitico", "c_appr": 3, "typology": "settlement", "c_notes": null, "site_name_brain": null, "macro_context_name": null, "site_id": 663, "source_type": null, "source": null, "bibliography": "Campetti, S.,_Dodaro, S., Ferrini, G.,_Crisci, G. M.,_De Francesco, A. M.,_Montanari, C.,_Guido, M.,_Cozzani, M.,_Perrini, L.,_Berton, A.,_Bigini, I.,_Turini, R._2001_Risultati preliminari di nuove indagini nel deposito preistorico di Grotta all�Onda, Camaiore (Lucca)_Atti della XXXIV Riunione Scientifica dell�Istituto di Storia e Protostoria_349-366", "region": "Toscana", "province": "Lucca", "chronology_iccd": null, "parent_chronology_iccd": "Eneolitico", "osm_wikipedia": null, "osm_wikimedia_commons": null, "osm_wikidata": null, "osm_website": null }, "geometry": { "type": "MultiPolygon", "coordinates": [ [ [ [ 10.342388888888888, 43.972777777777779 ], [ 10.342339945405183, 43.972468760783407 ], [ 10.342197905883262, 43.972189992525486 ], [ 10.341976674141181, 43.971968760783405 ], [ 10.341697905883263, 43.971826721261486 ], [ 10.341388888888888, 43.971777777777781 ], [ 10.341079871894513, 43.971826721261486 ], [ 10.340801103636595, 43.971968760783405 ], [ 10.340579871894514, 43.972189992525486 ], [ 10.340437832372594, 43.972468760783407 ], [ 10.340388888888889, 43.972777777777779 ], [ 10.340437832372594, 43.973086794772151 ], [ 10.340579871894514, 43.973365563030072 ], [ 10.340801103636595, 43.973586794772153 ], [ 10.341079871894513, 43.973728834294072 ], [ 10.341388888888888, 43.973777777777777 ], [ 10.341697905883263, 43.973728834294072 ], [ 10.341976674141181, 43.973586794772153 ], [ 10.342197905883262, 43.973365563030072 ], [ 10.342339945405183, 43.973086794772151 ], [ 10.342388888888888, 43.972777777777779 ] ] ] ] } },
{ "type": "Feature", "properties": { "fid": 1174, "centroid": "", "site_code": "CTO31", "name": "San Lorenzo al Cerreto", "parent_context": "", "chron_orig": "II Phase of the XII century", "c_appr": 3, "typology": "sacred", "c_notes": "rebuilding of the church", "site_name_brain": null, "macro_context_name": null, "site_id": 668, "source_type": null, "source": null, "bibliography": "Ferrari Fontana, I.,_Menozzi, B. I.,_Montanari, C._2008_Charcoal as Environmental and Ethnological Evidence from Medieval Archaeological Sites in NW Italy_Fiorentino and Magri_105-109", "region": "Toscana", "province": "Pistoia", "chronology_iccd": "Basso Medioevo", "parent_chronology_iccd": "Medioevo", "osm_wikipedia": null, "osm_wikimedia_commons": null, "osm_wikidata": null, "osm_website": null }, "geometry": { "type": "MultiPolygon", "coordinates": [ [ [ [ 10.695166666666665, 43.921388888888892 ], [ 10.69511772318296, 43.92107987189452 ], [ 10.69497568366104, 43.920801103636599 ], [ 10.694754451918959, 43.920579871894518 ], [ 10.694475683661041, 43.920437832372599 ], [ 10.694166666666666, 43.920388888888894 ], [ 10.693857649672291, 43.920437832372599 ], [ 10.693578881414373, 43.920579871894518 ], [ 10.693357649672292, 43.920801103636599 ], [ 10.693215610150371, 43.92107987189452 ], [ 10.693166666666666, 43.921388888888892 ], [ 10.693215610150371, 43.921697905883264 ], [ 10.693357649672292, 43.921976674141185 ], [ 10.693578881414373, 43.922197905883266 ], [ 10.693857649672291, 43.922339945405184 ], [ 10.694166666666666, 43.922388888888889 ], [ 10.694475683661041, 43.922339945405184 ], [ 10.694754451918959, 43.922197905883266 ], [ 10.69497568366104, 43.921976674141185 ], [ 10.69511772318296, 43.921697905883264 ], [ 10.695166666666665, 43.921388888888892 ] ] ] ] } },
{ "type": "Feature", "properties": { "fid": 1178, "centroid": null, "site_code": "CTO51", "name": "vetulonia - Domus of the Dolia", "parent_context": "", "chron_orig": "1st century BC.", "c_appr": 3, "typology": "settlement", "c_notes": "", "site_name_brain": null, "macro_context_name": null, "site_id": 853, "source_type": null, "source": null, "bibliography": "Coradeschi, G.,_Beltrame, M.,_Rafanelli, S.,_Quaratesi, C.,_Sadori, L.,_Barrocas Dias, C._2021_The wooden roof framing elements, furniture and furnishing of the Etruscan Domus of the Dolia of Vetulonia (Southern Tuscany, Italy)_Heritage, 4(3)_1938-1961", "region": "Toscana", "province": "Grosseto", "chronology_iccd": "età ellenistica (cultura etrusca)", "parent_chronology_iccd": "Periodo Etrusco", "osm_wikipedia": null, "osm_wikimedia_commons": null, "osm_wikidata": null, "osm_website": null }, "geometry": { "type": "MultiPolygon", "coordinates": [ [ ] ] } },
{ "type": "Feature", "properties": { "fid": 1184, "centroid": "", "site_code": "CTO32", "name": "Siena - Santa Maria della Scala - Hospital Church of S. Maria della Scala", "parent_context": "", "chron_orig": "15th and beginning of 16th", "c_appr": 3, "typology": "funerary", "c_notes": "", "site_name_brain": null, "macro_context_name": null, "site_id": 669, "source_type": null, "source": null, "bibliography": null, "region": "Toscana", "province": "Siena", "chronology_iccd": null, "parent_chronology_iccd": null, "osm_wikipedia": null, "osm_wikimedia_commons": null, "osm_wikidata": null, "osm_website": null }, "geometry": { "type": "MultiPolygon", "coordinates": [ [ [ [ 11.329611111111111, 43.316944444444445 ], [ 11.329562167627406, 43.316635427450073 ], [ 11.329420128105486, 43.316356659192152 ], [ 11.329198896363405, 43.316135427450071 ], [ 11.328920128105487, 43.315993387928152 ], [ 11.328611111111112, 43.315944444444447 ], [ 11.328302094116736, 43.315993387928152 ], [ 11.328023325858819, 43.316135427450071 ], [ 11.327802094116738, 43.316356659192152 ], [ 11.327660054594817, 43.316635427450073 ], [ 11.327611111111112, 43.316944444444445 ], [ 11.327660054594817, 43.317253461438817 ], [ 11.327802094116738, 43.317532229696738 ], [ 11.328023325858819, 43.317753461438819 ], [ 11.328302094116736, 43.317895500960738 ], [ 11.328611111111112, 43.317944444444443 ], [ 11.328920128105487, 43.317895500960738 ], [ 11.329198896363405, 43.317753461438819 ], [ 11.329420128105486, 43.317532229696738 ], [ 11.329562167627406, 43.317253461438817 ], [ 11.329611111111111, 43.316944444444445 ] ] ] ] } },
{ "type": "Feature", "properties": { "fid": 1187, "centroid": "", "site_code": "CTO27", "name": "Sorano - Filattiera - Phase IV", "parent_context": "", "chron_orig": "III - IV sec. d.C.", "c_appr": 3, "typology": "settlement", "c_notes": "", "site_name_brain": null, "macro_context_name": null, "site_id": 664, "source_type": null, "source": null, "bibliography": "Rottoli, M.,Negri, S._1986_I resti vegetali carbonizzati. Filattiera-Sorano: l’insediamento di età romana e tardo antica scavi, 1995 ; Rottoli, M.,_Negri, S._1986_I resti vegetali carbonizzati. Filattiera-Sorano: l�insediamento di et� romana e tardo antica scavi, 1995_198-212", "region": "Toscana", "province": "Massa Carrara", "chronology_iccd": "Età tardoimperiale", "parent_chronology_iccd": "Periodo Imperiale (Roma) ; Tarda Antichità", "osm_wikipedia": null, "osm_wikimedia_commons": null, "osm_wikidata": null, "osm_website": null }, "geometry": { "type": "MultiPolygon", "coordinates": [ [ [ [ 9.9385, 44.333611111111111 ], [ 9.938451056516294, 44.333302094116739 ], [ 9.938309016994374, 44.333023325858818 ], [ 9.938087785252293, 44.332802094116737 ], [ 9.937809016994375, 44.332660054594818 ], [ 9.9375, 44.332611111111113 ], [ 9.937190983005625, 44.332660054594818 ], [ 9.936912214747707, 44.332802094116737 ], [ 9.936690983005626, 44.333023325858818 ], [ 9.936548943483706, 44.333302094116739 ], [ 9.9365, 44.333611111111111 ], [ 9.936548943483706, 44.333920128105483 ], [ 9.936690983005626, 44.334198896363404 ], [ 9.936912214747707, 44.334420128105485 ], [ 9.937190983005625, 44.334562167627404 ], [ 9.9375, 44.334611111111109 ], [ 9.937809016994375, 44.334562167627404 ], [ 9.938087785252293, 44.334420128105485 ], [ 9.938309016994374, 44.334198896363404 ], [ 9.938451056516294, 44.333920128105483 ], [ 9.9385, 44.333611111111111 ] ] ] ] } },
{ "type": "Feature", "properties": { "fid": 1205, "centroid": "", "site_code": "CTO27", "name": "Sorano - Filattiera - Phase IX", "parent_context": "", "chron_orig": "tardo I sec. - Inizi II sec. d.C.", "c_appr": 3, "typology": "settlement", "c_notes": "", "site_name_brain": null, "macro_context_name": null, "site_id": 664, "source_type": null, "source": null, "bibliography": "Rottoli, M.,Negri, S._1986_I resti vegetali carbonizzati. Filattiera-Sorano: l’insediamento di età romana e tardo antica scavi, 1995 ; Rottoli, M.,_Negri, S._1986_I resti vegetali carbonizzati. Filattiera-Sorano: l�insediamento di et� romana e tardo antica scavi, 1995_198-212", "region": "Toscana", "province": "Massa Carrara", "chronology_iccd": "Età altoimperiale", "parent_chronology_iccd": "Periodo Imperiale (Roma)", "osm_wikipedia": null, "osm_wikimedia_commons": null, "osm_wikidata": null, "osm_website": null }, "geometry": { "type": "MultiPolygon", "coordinates": [ [ [ [ 9.9385, 44.333611111111111 ], [ 9.938451056516294, 44.333302094116739 ], [ 9.938309016994374, 44.333023325858818 ], [ 9.938087785252293, 44.332802094116737 ], [ 9.937809016994375, 44.332660054594818 ], [ 9.9375, 44.332611111111113 ], [ 9.937190983005625, 44.332660054594818 ], [ 9.936912214747707, 44.332802094116737 ], [ 9.936690983005626, 44.333023325858818 ], [ 9.936548943483706, 44.333302094116739 ], [ 9.9365, 44.333611111111111 ], [ 9.936548943483706, 44.333920128105483 ], [ 9.936690983005626, 44.334198896363404 ], [ 9.936912214747707, 44.334420128105485 ], [ 9.937190983005625, 44.334562167627404 ], [ 9.9375, 44.334611111111109 ], [ 9.937809016994375, 44.334562167627404 ], [ 9.938087785252293, 44.334420128105485 ], [ 9.938309016994374, 44.334198896363404 ], [ 9.938451056516294, 44.333920128105483 ], [ 9.9385, 44.333611111111111 ] ] ] ] } },
{ "type": "Feature", "properties": { "fid": 1208, "centroid": "", "site_code": "CTO27", "name": "Sorano - Filattiera - Phase V", "parent_context": "", "chron_orig": "III - IV d.C.", "c_appr": 3, "typology": "settlement", "c_notes": "", "site_name_brain": null, "macro_context_name": null, "site_id": 664, "source_type": null, "source": null, "bibliography": "Rottoli, M.,_Negri, S._1986_I resti vegetali carbonizzati. Filattiera-Sorano: l�insediamento di et� romana e tardo antica scavi, 1995_198-212", "region": "Toscana", "province": "Massa Carrara", "chronology_iccd": "Età tardoimperiale", "parent_chronology_iccd": "Periodo Imperiale (Roma)", "osm_wikipedia": null, "osm_wikimedia_commons": null, "osm_wikidata": null, "osm_website": null }, "geometry": { "type": "MultiPolygon", "coordinates": [ [ [ [ 9.9385, 44.333611111111111 ], [ 9.938451056516294, 44.333302094116739 ], [ 9.938309016994374, 44.333023325858818 ], [ 9.938087785252293, 44.332802094116737 ], [ 9.937809016994375, 44.332660054594818 ], [ 9.9375, 44.332611111111113 ], [ 9.937190983005625, 44.332660054594818 ], [ 9.936912214747707, 44.332802094116737 ], [ 9.936690983005626, 44.333023325858818 ], [ 9.936548943483706, 44.333302094116739 ], [ 9.9365, 44.333611111111111 ], [ 9.936548943483706, 44.333920128105483 ], [ 9.936690983005626, 44.334198896363404 ], [ 9.936912214747707, 44.334420128105485 ], [ 9.937190983005625, 44.334562167627404 ], [ 9.9375, 44.334611111111109 ], [ 9.937809016994375, 44.334562167627404 ], [ 9.938087785252293, 44.334420128105485 ], [ 9.938309016994374, 44.334198896363404 ], [ 9.938451056516294, 44.333920128105483 ], [ 9.9385, 44.333611111111111 ] ] ] ] } },
{ "type": "Feature", "properties": { "fid": 1210, "centroid": "", "site_code": "CTO27", "name": "Sorano - Filattiera - Phase VI", "parent_context": "", "chron_orig": "II metà del II d.C. - III d.C.", "c_appr": 3, "typology": "settlement", "c_notes": "", "site_name_brain": null, "macro_context_name": null, "site_id": 664, "source_type": null, "source": null, "bibliography": "Rottoli, M.,Negri, S._1986_I resti vegetali carbonizzati. Filattiera-Sorano: l’insediamento di età romana e tardo antica scavi, 1995 ; Rottoli, M.,_Negri, S._1986_I resti vegetali carbonizzati. Filattiera-Sorano: l�insediamento di et� romana e tardo antica scavi, 1995_198-212", "region": "Toscana", "province": "Massa Carrara", "chronology_iccd": "Età altoimperiale", "parent_chronology_iccd": "Periodo Imperiale (Roma)", "osm_wikipedia": null, "osm_wikimedia_commons": null, "osm_wikidata": null, "osm_website": null }, "geometry": { "type": "MultiPolygon", "coordinates": [ [ [ [ 9.9385, 44.333611111111111 ], [ 9.938451056516294, 44.333302094116739 ], [ 9.938309016994374, 44.333023325858818 ], [ 9.938087785252293, 44.332802094116737 ], [ 9.937809016994375, 44.332660054594818 ], [ 9.9375, 44.332611111111113 ], [ 9.937190983005625, 44.332660054594818 ], [ 9.936912214747707, 44.332802094116737 ], [ 9.936690983005626, 44.333023325858818 ], [ 9.936548943483706, 44.333302094116739 ], [ 9.9365, 44.333611111111111 ], [ 9.936548943483706, 44.333920128105483 ], [ 9.936690983005626, 44.334198896363404 ], [ 9.936912214747707, 44.334420128105485 ], [ 9.937190983005625, 44.334562167627404 ], [ 9.9375, 44.334611111111109 ], [ 9.937809016994375, 44.334562167627404 ], [ 9.938087785252293, 44.334420128105485 ], [ 9.938309016994374, 44.334198896363404 ], [ 9.938451056516294, 44.333920128105483 ], [ 9.9385, 44.333611111111111 ] ] ] ] } },
{ "type": "Feature", "properties": { "fid": 1216, "centroid": "", "site_code": "CTO27", "name": "Sorano - Filattiera - Phase VII", "parent_context": "", "chron_orig": "II metà del II d.C. - III d.C.", "c_appr": 3, "typology": "settlement", "c_notes": "", "site_name_brain": null, "macro_context_name": null, "site_id": 664, "source_type": null, "source": null, "bibliography": "Rottoli, M.,_Negri, S._1986_I resti vegetali carbonizzati. Filattiera-Sorano: l�insediamento di et� romana e tardo antica scavi, 1995_198-212", "region": "Toscana", "province": "Massa Carrara", "chronology_iccd": "Età altoimperiale", "parent_chronology_iccd": "Periodo Imperiale (Roma)", "osm_wikipedia": null, "osm_wikimedia_commons": null, "osm_wikidata": null, "osm_website": null }, "geometry": { "type": "MultiPolygon", "coordinates": [ [ [ [ 9.9385, 44.333611111111111 ], [ 9.938451056516294, 44.333302094116739 ], [ 9.938309016994374, 44.333023325858818 ], [ 9.938087785252293, 44.332802094116737 ], [ 9.937809016994375, 44.332660054594818 ], [ 9.9375, 44.332611111111113 ], [ 9.937190983005625, 44.332660054594818 ], [ 9.936912214747707, 44.332802094116737 ], [ 9.936690983005626, 44.333023325858818 ], [ 9.936548943483706, 44.333302094116739 ], [ 9.9365, 44.333611111111111 ], [ 9.936548943483706, 44.333920128105483 ], [ 9.936690983005626, 44.334198896363404 ], [ 9.936912214747707, 44.334420128105485 ], [ 9.937190983005625, 44.334562167627404 ], [ 9.9375, 44.334611111111109 ], [ 9.937809016994375, 44.334562167627404 ], [ 9.938087785252293, 44.334420128105485 ], [ 9.938309016994374, 44.334198896363404 ], [ 9.938451056516294, 44.333920128105483 ], [ 9.9385, 44.333611111111111 ] ] ] ] } },
{ "type": "Feature", "properties": { "fid": 1221, "centroid": "", "site_code": "CTO27", "name": "Sorano - Filattiera - Phase X", "parent_context": "", "chron_orig": "tardo I sec. - Inizi II sec. d.C.", "c_appr": 3, "typology": "settlement", "c_notes": "", "site_name_brain": null, "macro_context_name": null, "site_id": 664, "source_type": null, "source": null, "bibliography": "Rottoli, M.,_Negri, S._1986_I resti vegetali carbonizzati. Filattiera-Sorano: l�insediamento di et� romana e tardo antica scavi, 1995_198-212", "region": "Toscana", "province": "Massa Carrara", "chronology_iccd": "Età altoimperiale", "parent_chronology_iccd": "Periodo Imperiale (Roma)", "osm_wikipedia": null, "osm_wikimedia_commons": null, "osm_wikidata": null, "osm_website": null }, "geometry": { "type": "MultiPolygon", "coordinates": [ [ [ [ 9.9385, 44.333611111111111 ], [ 9.938451056516294, 44.333302094116739 ], [ 9.938309016994374, 44.333023325858818 ], [ 9.938087785252293, 44.332802094116737 ], [ 9.937809016994375, 44.332660054594818 ], [ 9.9375, 44.332611111111113 ], [ 9.937190983005625, 44.332660054594818 ], [ 9.936912214747707, 44.332802094116737 ], [ 9.936690983005626, 44.333023325858818 ], [ 9.936548943483706, 44.333302094116739 ], [ 9.9365, 44.333611111111111 ], [ 9.936548943483706, 44.333920128105483 ], [ 9.936690983005626, 44.334198896363404 ], [ 9.936912214747707, 44.334420128105485 ], [ 9.937190983005625, 44.334562167627404 ], [ 9.9375, 44.334611111111109 ], [ 9.937809016994375, 44.334562167627404 ], [ 9.938087785252293, 44.334420128105485 ], [ 9.938309016994374, 44.334198896363404 ], [ 9.938451056516294, 44.333920128105483 ], [ 9.9385, 44.333611111111111 ] ] ] ] } },
{ "type": "Feature", "properties": { "fid": 1231, "centroid": "", "site_code": "CTO27", "name": "Sorano - Filattiera - Phase XI", "parent_context": "", "chron_orig": "tardo I sec. - Inizi II sec. d.C.", "c_appr": 3, "typology": "settlement", "c_notes": "", "site_name_brain": null, "macro_context_name": null, "site_id": 664, "source_type": null, "source": null, "bibliography": "Rottoli, M.,_Negri, S._1986_I resti vegetali carbonizzati. Filattiera-Sorano: l�insediamento di et� romana e tardo antica scavi, 1995_198-212", "region": "Toscana", "province": "Massa Carrara", "chronology_iccd": "Età altoimperiale", "parent_chronology_iccd": "Periodo Imperiale (Roma)", "osm_wikipedia": null, "osm_wikimedia_commons": null, "osm_wikidata": null, "osm_website": null }, "geometry": { "type": "MultiPolygon", "coordinates": [ [ [ [ 9.9385, 44.333611111111111 ], [ 9.938451056516294, 44.333302094116739 ], [ 9.938309016994374, 44.333023325858818 ], [ 9.938087785252293, 44.332802094116737 ], [ 9.937809016994375, 44.332660054594818 ], [ 9.9375, 44.332611111111113 ], [ 9.937190983005625, 44.332660054594818 ], [ 9.936912214747707, 44.332802094116737 ], [ 9.936690983005626, 44.333023325858818 ], [ 9.936548943483706, 44.333302094116739 ], [ 9.9365, 44.333611111111111 ], [ 9.936548943483706, 44.333920128105483 ], [ 9.936690983005626, 44.334198896363404 ], [ 9.936912214747707, 44.334420128105485 ], [ 9.937190983005625, 44.334562167627404 ], [ 9.9375, 44.334611111111109 ], [ 9.937809016994375, 44.334562167627404 ], [ 9.938087785252293, 44.334420128105485 ], [ 9.938309016994374, 44.334198896363404 ], [ 9.938451056516294, 44.333920128105483 ], [ 9.9385, 44.333611111111111 ] ] ] ] } },
{ "type": "Feature", "properties": { "fid": 1233, "centroid": "", "site_code": "CTO33", "name": "Montarrenti", "parent_context": "", "chron_orig": "VIII - XII d.C.", "c_appr": 3, "typology": "settlement", "c_notes": "", "site_name_brain": null, "macro_context_name": null, "site_id": 670, "source_type": null, "source": null, "bibliography": "Cantini, F._2003_Il Castello di Montarrenti: lo scavo archeologico, 1982-1987: per la storia della formazione del villaggio medievale in Toscana, secc. VII-XV_213-215 ; Cantini, F._2003_Il Catello di Montarrenti: lo scavo archeologico, 1982-1987: per la storia della formazione del villaggio medievale in Toscana, secc. VII-XV5", "region": "Toscana", "province": "Siena", "chronology_iccd": "Alto Medioevo ; Basso Medioevo", "parent_chronology_iccd": "Medioevo", "osm_wikipedia": null, "osm_wikimedia_commons": null, "osm_wikidata": null, "osm_website": null }, "geometry": { "type": "MultiPolygon", "coordinates": [ [ [ [ 11.187944444444444, 43.233055555555552 ], [ 11.187895500960739, 43.23274653856118 ], [ 11.187753461438819, 43.232467770303259 ], [ 11.187532229696737, 43.232246538561178 ], [ 11.18725346143882, 43.232104499039259 ], [ 11.186944444444444, 43.232055555555554 ], [ 11.186635427450069, 43.232104499039259 ], [ 11.186356659192151, 43.232246538561178 ], [ 11.18613542745007, 43.232467770303259 ], [ 11.18599338792815, 43.23274653856118 ], [ 11.185944444444445, 43.233055555555552 ], [ 11.18599338792815, 43.233364572549924 ], [ 11.18613542745007, 43.233643340807845 ], [ 11.186356659192151, 43.233864572549926 ], [ 11.186635427450069, 43.234006612071845 ], [ 11.186944444444444, 43.23405555555555 ], [ 11.18725346143882, 43.234006612071845 ], [ 11.187532229696737, 43.233864572549926 ], [ 11.187753461438819, 43.233643340807845 ], [ 11.187895500960739, 43.233364572549924 ], [ 11.187944444444444, 43.233055555555552 ] ] ] ] } },
{ "type": "Feature", "properties": { "fid": 1247, "centroid": "", "site_code": "CTO34", "name": "Miranduolo - Area 1", "parent_context": "", "chron_orig": "IX - X century", "c_appr": 3, "typology": "settlement", "c_notes": "", "site_name_brain": null, "macro_context_name": null, "site_id": 671, "source_type": null, "source": null, "bibliography": "Buonincontri, M. P.,_Di Falco, G.,_Moser, D.,_Donnini, D.,_Di Pasquale, G._2007_Il castello di Miranduolo (Siena): dati archeobotanici per il X-XI secolo_Atti Soc Nat Mat Modena, 137_355-372", "region": "Toscana", "province": "Siena", "chronology_iccd": "Alto Medioevo", "parent_chronology_iccd": "Medioevo", "osm_wikipedia": null, "osm_wikimedia_commons": null, "osm_wikidata": null, "osm_website": null }, "geometry": { "type": "MultiPolygon", "coordinates": [ [ [ [ 11.081, 43.119722222222222 ], [ 11.080951056516295, 43.11941320522785 ], [ 11.080809016994374, 43.119134436969929 ], [ 11.080587785252293, 43.118913205227848 ], [ 11.080309016994375, 43.11877116570593 ], [ 11.08, 43.118722222222225 ], [ 11.079690983005625, 43.11877116570593 ], [ 11.079412214747707, 43.118913205227848 ], [ 11.079190983005626, 43.119134436969929 ], [ 11.079048943483706, 43.11941320522785 ], [ 11.079, 43.119722222222222 ], [ 11.079048943483706, 43.120031239216594 ], [ 11.079190983005626, 43.120310007474515 ], [ 11.079412214747707, 43.120531239216596 ], [ 11.079690983005625, 43.120673278738515 ], [ 11.08, 43.12072222222222 ], [ 11.080309016994375, 43.120673278738515 ], [ 11.080587785252293, 43.120531239216596 ], [ 11.080809016994374, 43.120310007474515 ], [ 11.080951056516295, 43.120031239216594 ], [ 11.081, 43.119722222222222 ] ] ] ] } },
{ "type": "Feature", "properties": { "fid": 1253, "centroid": "", "site_code": "CTO45", "name": "Cetamura del Chianti", "parent_context": "", "chron_orig": "300 a.C. - 68 d.C.", "c_appr": 3, "typology": "settlement", "c_notes": "", "site_name_brain": null, "macro_context_name": null, "site_id": 678, "source_type": null, "source": null, "bibliography": "Mariotti Lippi,_M., Mori Secci,_M., Giachi,G.,_Bouby, L.,_Terral, J. F.,_Castiglioni, E.,_Cottini, M.,_de Grummond, N. T._2020_Plant remains in an Etruscan-Roman well at Cetamura del Chianti, Italy_Archaeological and Anthropological Sciences, 12(1)_35", "region": "Toscana", "province": "Siena", "chronology_iccd": "Età altoimperiale ; età ellenistica (cultura etrusca)", "parent_chronology_iccd": "Periodo Etrusco ; Periodo Imperiale (Roma) ; da identificare", "osm_wikipedia": null, "osm_wikimedia_commons": null, "osm_wikidata": null, "osm_website": null }, "geometry": { "type": "MultiPolygon", "coordinates": [ [ [ [ 11.422666666666666, 43.484444444444442 ], [ 11.422617723182961, 43.48413542745007 ], [ 11.422475683661041, 43.483856659192149 ], [ 11.42225445191896, 43.483635427450068 ], [ 11.421975683661042, 43.483493387928149 ], [ 11.421666666666667, 43.483444444444444 ], [ 11.421357649672292, 43.483493387928149 ], [ 11.421078881414374, 43.483635427450068 ], [ 11.420857649672293, 43.483856659192149 ], [ 11.420715610150372, 43.48413542745007 ], [ 11.420666666666667, 43.484444444444442 ], [ 11.420715610150372, 43.484753461438814 ], [ 11.420857649672293, 43.485032229696735 ], [ 11.421078881414374, 43.485253461438816 ], [ 11.421357649672292, 43.485395500960735 ], [ 11.421666666666667, 43.48544444444444 ], [ 11.421975683661042, 43.485395500960735 ], [ 11.42225445191896, 43.485253461438816 ], [ 11.422475683661041, 43.485032229696735 ], [ 11.422617723182961, 43.484753461438814 ], [ 11.422666666666666, 43.484444444444442 ] ] ] ] } },
{ "type": "Feature", "properties": { "fid": 1328, "centroid": "", "site_code": "CTO35", "name": "Petriolo Chiusi", "parent_context": "", "chron_orig": "", "c_appr": 3, "typology": "", "c_notes": null, "site_name_brain": null, "macro_context_name": null, "site_id": 672, "source_type": null, "source": null, "bibliography": "Costantini, L.,Biasini, L. C.,Pica, F.,Stanzione, M._2012_Analisi archeobotaniche a Chiusi: semi e carboni dallo scavo del Petriolo. Studi Etruschi, 75 ; Costantini, L.,_Biasini, L. C.,_Pica, F.,_Stanzione, M._2012_Analisi archeobotaniche a Chiusi: semi e carboni dallo scavo del Petriolo. Studi Etruschi, 75_165-179 ; Pucci, G.,_Mascione, C._Di Pasquale, G.,_2003_Manifattura ceramica etrusco-romana a Chiusi: il complesso produttivo di Marcianella (Vol. 10)_ Edipuglia_275-320", "region": "Toscana", "province": "Siena", "chronology_iccd": "età ellenistica (cultura etrusca) ; Prima Repubblica (Roma) ; Età altoimperiale ; periodo arcaico (cultura etrusca) ; Villanovano", "parent_chronology_iccd": "Età del Ferro ; Periodo Etrusco ; Periodo Etrusco Arcaico ; Periodo Imperiale (Roma) ; Periodo Orientalizzante ; Periodo Repubblicano (Roma) ; da identificare", "osm_wikipedia": null, "osm_wikimedia_commons": null, "osm_wikidata": null, "osm_website": null }, "geometry": { "type": "MultiPolygon", "coordinates": [ [ [ [ 11.934888888888889, 43.016111111111108 ], [ 11.934839945405184, 43.015802094116736 ], [ 11.934697905883263, 43.015523325858815 ], [ 11.934476674141182, 43.015302094116734 ], [ 11.934197905883265, 43.015160054594816 ], [ 11.933888888888889, 43.015111111111111 ], [ 11.933579871894514, 43.015160054594816 ], [ 11.933301103636596, 43.015302094116734 ], [ 11.933079871894515, 43.015523325858815 ], [ 11.932937832372595, 43.015802094116736 ], [ 11.93288888888889, 43.016111111111108 ], [ 11.932937832372595, 43.01642012810548 ], [ 11.933079871894515, 43.016698896363401 ], [ 11.933301103636596, 43.016920128105482 ], [ 11.933579871894514, 43.017062167627401 ], [ 11.933888888888889, 43.017111111111106 ], [ 11.934197905883265, 43.017062167627401 ], [ 11.934476674141182, 43.016920128105482 ], [ 11.934697905883263, 43.016698896363401 ], [ 11.934839945405184, 43.01642012810548 ], [ 11.934888888888889, 43.016111111111108 ] ] ] ] } },
{ "type": "Feature", "properties": { "fid": 5177, "centroid": "", "site_code": "CTO6", "name": "Firenze", "parent_context": "", "chron_orig": "", "c_appr": 3, "typology": "settlement", "c_notes": null, "site_name_brain": null, "macro_context_name": null, "site_id": 643, "source_type": null, "source": null, "bibliography": null, "region": "Toscana", "province": "Firenze", "chronology_iccd": null, "parent_chronology_iccd": null, "osm_wikipedia": null, "osm_wikimedia_commons": null, "osm_wikidata": null, "osm_website": null }, "geometry": { "type": "MultiPolygon", "coordinates": [ [ [ [ 11.257388888888888, 43.768333333333331 ], [ 11.257339945405183, 43.768024316338959 ], [ 11.257197905883263, 43.767745548081038 ], [ 11.256976674141182, 43.767524316338957 ], [ 11.256697905883264, 43.767382276817038 ], [ 11.256388888888889, 43.767333333333333 ], [ 11.256079871894514, 43.767382276817038 ], [ 11.255801103636596, 43.767524316338957 ], [ 11.255579871894515, 43.767745548081038 ], [ 11.255437832372595, 43.768024316338959 ], [ 11.25538888888889, 43.768333333333331 ], [ 11.255437832372595, 43.768642350327703 ], [ 11.255579871894515, 43.768921118585624 ], [ 11.255801103636596, 43.769142350327705 ], [ 11.256079871894514, 43.769284389849624 ], [ 11.256388888888889, 43.769333333333329 ], [ 11.256697905883264, 43.769284389849624 ], [ 11.256976674141182, 43.769142350327705 ], [ 11.257197905883263, 43.768921118585624 ], [ 11.257339945405183, 43.768642350327703 ], [ 11.257388888888888, 43.768333333333331 ] ] ] ] } },
{ "type": "Feature", "properties": { "fid": 5179, "centroid": "", "site_code": "CTO29", "name": "Bientina", "parent_context": "", "chron_orig": "Bronzo Finale", "c_appr": 3, "typology": "settlement", "c_notes": null, "site_name_brain": null, "macro_context_name": null, "site_id": 666, "source_type": null, "source": null, "bibliography": null, "region": "Toscana", "province": "Pisa", "chronology_iccd": null, "parent_chronology_iccd": null, "osm_wikipedia": null, "osm_wikimedia_commons": null, "osm_wikidata": null, "osm_website": null }, "geometry": { "type": "MultiPolygon", "coordinates": [ [ [ [ 10.642666666666667, 43.771111111111111 ], [ 10.642617723182962, 43.770802094116739 ], [ 10.642475683661042, 43.770523325858818 ], [ 10.64225445191896, 43.770302094116737 ], [ 10.641975683661043, 43.770160054594818 ], [ 10.641666666666667, 43.770111111111113 ], [ 10.641357649672292, 43.770160054594818 ], [ 10.641078881414375, 43.770302094116737 ], [ 10.640857649672293, 43.770523325858818 ], [ 10.640715610150373, 43.770802094116739 ], [ 10.640666666666668, 43.771111111111111 ], [ 10.640715610150373, 43.771420128105483 ], [ 10.640857649672293, 43.771698896363404 ], [ 10.641078881414375, 43.771920128105485 ], [ 10.641357649672292, 43.772062167627404 ], [ 10.641666666666667, 43.772111111111109 ], [ 10.641975683661043, 43.772062167627404 ], [ 10.64225445191896, 43.771920128105485 ], [ 10.642475683661042, 43.771698896363404 ], [ 10.642617723182962, 43.771420128105483 ], [ 10.642666666666667, 43.771111111111111 ] ] ] ] } },
{ "type": "Feature", "properties": { "fid": 5180, "centroid": "", "site_code": "CTO30", "name": "Pisa - San Rossore", "parent_context": "", "chron_orig": "I-II sec. AD", "c_appr": 3, "typology": "underwater", "c_notes": null, "site_name_brain": null, "macro_context_name": null, "site_id": 667, "source_type": null, "source": null, "bibliography": null, "region": "Toscana", "province": "Pisa", "chronology_iccd": "Età altoimperiale ; Periodo Tardo Repubblicano (Roma)", "parent_chronology_iccd": "Periodo Imperiale (Roma) ; Periodo Repubblicano (Roma) ; Tarda Antichità", "osm_wikipedia": null, "osm_wikimedia_commons": null, "osm_wikidata": null, "osm_website": null }, "geometry": { "type": "MultiPolygon", "coordinates": [ [ [ [ 10.387944444444443, 43.721944444444446 ], [ 10.387895500960738, 43.721635427450074 ], [ 10.387753461438818, 43.721356659192153 ], [ 10.387532229696737, 43.721135427450072 ], [ 10.387253461438819, 43.720993387928154 ], [ 10.386944444444444, 43.720944444444449 ], [ 10.386635427450068, 43.720993387928154 ], [ 10.386356659192151, 43.721135427450072 ], [ 10.386135427450069, 43.721356659192153 ], [ 10.385993387928149, 43.721635427450074 ], [ 10.385944444444444, 43.721944444444446 ], [ 10.385993387928149, 43.722253461438818 ], [ 10.386135427450069, 43.722532229696739 ], [ 10.386356659192151, 43.72275346143882 ], [ 10.386635427450068, 43.722895500960739 ], [ 10.386944444444444, 43.722944444444444 ], [ 10.387253461438819, 43.722895500960739 ], [ 10.387532229696737, 43.72275346143882 ], [ 10.387753461438818, 43.722532229696739 ], [ 10.387895500960738, 43.722253461438818 ], [ 10.387944444444443, 43.721944444444446 ] ] ] ] } },
{ "type": "Feature", "properties": { "fid": 5183, "centroid": "", "site_code": "CTO36", "name": "Complesso di Marcianella - Fornaci", "parent_context": "", "chron_orig": "fine III-inizi del II secolo a.C.", "c_appr": 3, "typology": "settlement", "c_notes": null, "site_name_brain": null, "macro_context_name": null, "site_id": 673, "source_type": null, "source": null, "bibliography": null, "region": "Toscana", "province": "Siena", "chronology_iccd": null, "parent_chronology_iccd": null, "osm_wikipedia": null, "osm_wikimedia_commons": null, "osm_wikidata": null, "osm_website": null }, "geometry": { "type": "MultiPolygon", "coordinates": [ [ [ [ 11.923222222222222, 43.013055555555553 ], [ 11.923173278738517, 43.012746538561181 ], [ 11.923031239216597, 43.01246777030326 ], [ 11.922810007474515, 43.012246538561179 ], [ 11.922531239216598, 43.01210449903926 ], [ 11.922222222222222, 43.012055555555555 ], [ 11.921913205227847, 43.01210449903926 ], [ 11.92163443696993, 43.012246538561179 ], [ 11.921413205227848, 43.01246777030326 ], [ 11.921271165705928, 43.012746538561181 ], [ 11.921222222222223, 43.013055555555553 ], [ 11.921271165705928, 43.013364572549925 ], [ 11.921413205227848, 43.013643340807846 ], [ 11.92163443696993, 43.013864572549927 ], [ 11.921913205227847, 43.014006612071846 ], [ 11.922222222222222, 43.014055555555551 ], [ 11.922531239216598, 43.014006612071846 ], [ 11.922810007474515, 43.013864572549927 ], [ 11.923031239216597, 43.013643340807846 ], [ 11.923173278738517, 43.013364572549925 ], [ 11.923222222222222, 43.013055555555553 ] ] ] ] } },
{ "type": "Feature", "properties": { "fid": 5184, "centroid": "", "site_code": "CTO37", "name": "S. Maria del Belvedere ", "parent_context": "", "chron_orig": "", "c_appr": 3, "typology": "settlement", "c_notes": "<!DOCTYPE HTML PUBLIC \"-//W3C//DTD HTML 4.0//EN\" \"http://www.w3.org/TR/REC-html40/strict.dtd\">\n<html><head><meta name=\"qrichtext\" content=\"1\" /><style type=\"text/css\">\np, li { white-space: pre-wrap; }\n</style></head><body style=\" font-family:'MS Shell Dlg 2'; font-size:7.8pt; font-weight:400; font-style:normal;\">\n<p style=\" margin-top:0px; margin-bottom:0px; margin-left:0px; margin-right:0px; -qt-block-indent:0; text-indent:0px;\">NULL</p></body></html>", "site_name_brain": null, "macro_context_name": null, "site_id": 674, "source_type": null, "source": null, "bibliography": "Carra, M. L.,_Cattani, L.,_Zanni, C._2003_Aspetti paletnobotanici dell'area insediativa protostorica di S. Maria in Belverde sul Monte Cetona (Siena)_Rivista di scienze preistoriche_53_505-518", "region": "Toscana", "province": "Siena", "chronology_iccd": "Età del Bronzo finale ; appenninica (cultura) ; Età del Bronzo medio ; Età del Bronzo antico", "parent_chronology_iccd": "Età del Bronzo", "osm_wikipedia": null, "osm_wikimedia_commons": null, "osm_wikidata": null, "osm_website": null }, "geometry": { "type": "MultiPolygon", "coordinates": [ [ [ [ 11.901, 42.966666666666669 ], [ 11.900951056516295, 42.966357649672297 ], [ 11.900809016994375, 42.966078881414376 ], [ 11.900587785252293, 42.965857649672294 ], [ 11.900309016994376, 42.965715610150376 ], [ 11.9, 42.965666666666671 ], [ 11.899690983005625, 42.965715610150376 ], [ 11.899412214747707, 42.965857649672294 ], [ 11.899190983005626, 42.966078881414376 ], [ 11.899048943483706, 42.966357649672297 ], [ 11.899, 42.966666666666669 ], [ 11.899048943483706, 42.96697568366104 ], [ 11.899190983005626, 42.967254451918961 ], [ 11.899412214747707, 42.967475683661043 ], [ 11.899690983005625, 42.967617723182961 ], [ 11.9, 42.967666666666666 ], [ 11.900309016994376, 42.967617723182961 ], [ 11.900587785252293, 42.967475683661043 ], [ 11.900809016994375, 42.967254451918961 ], [ 11.900951056516295, 42.96697568366104 ], [ 11.901, 42.966666666666669 ] ] ] ] } },
{ "type": "Feature", "properties": { "fid": 5191, "centroid": "", "site_code": "CTO40", "name": "Portoferraio, Elba Island", "parent_context": "", "chron_orig": "", "c_appr": 3, "typology": "settlement", "c_notes": null, "site_name_brain": null, "macro_context_name": null, "site_id": 675, "source_type": null, "source": null, "bibliography": null, "region": "Toscana", "province": "Livorno", "chronology_iccd": "Periodo Tardo Repubblicano (Roma)", "parent_chronology_iccd": "Periodo Repubblicano (Roma)", "osm_wikipedia": null, "osm_wikimedia_commons": null, "osm_wikidata": null, "osm_website": null }, "geometry": { "type": "MultiPolygon", "coordinates": [ [ [ [ 10.329333333333333, 42.801111111111112 ], [ 10.329284389849628, 42.80080209411674 ], [ 10.329142350327707, 42.800523325858819 ], [ 10.328921118585626, 42.800302094116738 ], [ 10.328642350327708, 42.800160054594819 ], [ 10.328333333333333, 42.800111111111114 ], [ 10.328024316338958, 42.800160054594819 ], [ 10.32774554808104, 42.800302094116738 ], [ 10.327524316338959, 42.800523325858819 ], [ 10.327382276817039, 42.80080209411674 ], [ 10.327333333333334, 42.801111111111112 ], [ 10.327382276817039, 42.801420128105484 ], [ 10.327524316338959, 42.801698896363405 ], [ 10.32774554808104, 42.801920128105486 ], [ 10.328024316338958, 42.802062167627405 ], [ 10.328333333333333, 42.80211111111111 ], [ 10.328642350327708, 42.802062167627405 ], [ 10.328921118585626, 42.801920128105486 ], [ 10.329142350327707, 42.801698896363405 ], [ 10.329284389849628, 42.801420128105484 ], [ 10.329333333333333, 42.801111111111112 ] ] ] ] } },
{ "type": "Feature", "properties": { "fid": 5198, "centroid": "", "site_code": "CTO43", "name": "Monte Cimone", "parent_context": "", "chron_orig": "XVII-XVIII sec. d.C.", "c_appr": 3, "typology": "settlement", "c_notes": "<!DOCTYPE HTML PUBLIC \"-//W3C//DTD HTML 4.0//EN\" \"http://www.w3.org/TR/REC-html40/strict.dtd\">\n<html><head><meta name=\"qrichtext\" content=\"1\" /><style type=\"text/css\">\np, li { white-space: pre-wrap; }\n</style></head><body style=\" font-family:'Sans Serif'; font-size:9pt; font-weight:400; font-style:normal;\">\n<p style=\" margin-top:0px; margin-bottom:0px; margin-left:0px; margin-right:0px; -qt-block-indent:0; text-indent:0px;\">charcoal platforms</p></body></html>", "site_name_brain": null, "macro_context_name": null, "site_id": 676, "source_type": null, "source": null, "bibliography": "Benatti, A.,_Bal, M.,_All�e, P.,_Bosi, G.,_Dallai, D.,_Mercuri, A. M._2018_Charcoal kilns in the Northern Apennines (Italy): Forest exploitation by past societies in mountain areas._Interdisciplinaria Archaeologica_9(2)_83-92", "region": "Toscana", "province": "Pistoia", "chronology_iccd": "Early modern", "parent_chronology_iccd": "Età contemporanea ; Periodo Moderno", "osm_wikipedia": null, "osm_wikimedia_commons": null, "osm_wikidata": null, "osm_website": null }, "geometry": { "type": "MultiPolygon", "coordinates": [ [ [ [ 10.813733333333333, 44.107622222222226 ], [ 10.813684389849628, 44.107313205227854 ], [ 10.813542350327708, 44.107034436969933 ], [ 10.813321118585627, 44.106813205227851 ], [ 10.813042350327709, 44.106671165705933 ], [ 10.812733333333334, 44.106622222222228 ], [ 10.812424316338959, 44.106671165705933 ], [ 10.812145548081041, 44.106813205227851 ], [ 10.81192431633896, 44.107034436969933 ], [ 10.81178227681704, 44.107313205227854 ], [ 10.811733333333335, 44.107622222222226 ], [ 10.81178227681704, 44.107931239216597 ], [ 10.81192431633896, 44.108210007474518 ], [ 10.812145548081041, 44.1084312392166 ], [ 10.812424316338959, 44.108573278738518 ], [ 10.812733333333334, 44.108622222222223 ], [ 10.813042350327709, 44.108573278738518 ], [ 10.813321118585627, 44.1084312392166 ], [ 10.813542350327708, 44.108210007474518 ], [ 10.813684389849628, 44.107931239216597 ], [ 10.813733333333333, 44.107622222222226 ] ] ] ] } },
{ "type": "Feature", "properties": { "fid": 5203, "centroid": "", "site_code": "CTO43", "name": "Corno alle Scale", "parent_context": "", "chron_orig": "XIV-XVII sec. d.C.", "c_appr": 3, "typology": "settlement", "c_notes": "<!DOCTYPE HTML PUBLIC \"-//W3C//DTD HTML 4.0//EN\" \"http://www.w3.org/TR/REC-html40/strict.dtd\">\n<html><head><meta name=\"qrichtext\" content=\"1\" /><style type=\"text/css\">\np, li { white-space: pre-wrap; }\n</style></head><body style=\" font-family:'Sans Serif'; font-size:9pt; font-weight:400; font-style:normal;\">\n<p style=\" margin-top:0px; margin-bottom:0px; margin-left:0px; margin-right:0px; -qt-block-indent:0; text-indent:0px;\">charcoal platforms</p></body></html>", "site_name_brain": null, "macro_context_name": null, "site_id": 676, "source_type": null, "source": null, "bibliography": "Benatti, A.,_Bal, M.,_All�e, P.,_Bosi, G.,_Dallai, D.,_Mercuri, A. M._2018_Charcoal kilns in the Northern Apennines (Italy): Forest exploitation by past societies in mountain areas._Interdisciplinaria Archaeologica_9(2)_83-92", "region": "Toscana", "province": "Pistoia", "chronology_iccd": "Early modern", "parent_chronology_iccd": "Età contemporanea ; Periodo Moderno ; Rinascimento", "osm_wikipedia": null, "osm_wikimedia_commons": null, "osm_wikidata": null, "osm_website": null }, "geometry": { "type": "MultiPolygon", "coordinates": [ [ [ [ 10.813733333333333, 44.107622222222226 ], [ 10.813684389849628, 44.107313205227854 ], [ 10.813542350327708, 44.107034436969933 ], [ 10.813321118585627, 44.106813205227851 ], [ 10.813042350327709, 44.106671165705933 ], [ 10.812733333333334, 44.106622222222228 ], [ 10.812424316338959, 44.106671165705933 ], [ 10.812145548081041, 44.106813205227851 ], [ 10.81192431633896, 44.107034436969933 ], [ 10.81178227681704, 44.107313205227854 ], [ 10.811733333333335, 44.107622222222226 ], [ 10.81178227681704, 44.107931239216597 ], [ 10.81192431633896, 44.108210007474518 ], [ 10.812145548081041, 44.1084312392166 ], [ 10.812424316338959, 44.108573278738518 ], [ 10.812733333333334, 44.108622222222223 ], [ 10.813042350327709, 44.108573278738518 ], [ 10.813321118585627, 44.1084312392166 ], [ 10.813542350327708, 44.108210007474518 ], [ 10.813684389849628, 44.107931239216597 ], [ 10.813733333333333, 44.107622222222226 ] ] ] ] } },
{ "type": "Feature", "properties": { "fid": 5208, "centroid": "", "site_code": "cto50", "name": "Certosa di Calci", "parent_context": null, "chron_orig": "XV - XX sec. d.C.", "c_appr": 2, "typology": "sacred", "c_notes": "<!DOCTYPE HTML PUBLIC \"-//W3C//DTD HTML 4.0//EN\" \"http://www.w3.org/TR/REC-html40/strict.dtd\">\n<html><head><meta name=\"qrichtext\" content=\"1\" /><style type=\"text/css\">\np, li { white-space: pre-wrap; }\n</style></head><body style=\" font-family:'MS Shell Dlg 2'; font-size:7.8pt; font-weight:400; font-style:normal;\">\n<p style=\" margin-top:0px; margin-bottom:0px; margin-left:0px; margin-right:0px; -qt-block-indent:0; text-indent:0px;\">NULL</p></body></html>", "site_name_brain": null, "macro_context_name": null, "site_id": 634, "source_type": "satellite", "source": "OSM", "bibliography": null, "region": "Toscana", "province": "Pisa", "chronology_iccd": "Early modern", "parent_chronology_iccd": "Età contemporanea ; Periodo Moderno", "osm_wikipedia": null, "osm_wikimedia_commons": null, "osm_wikidata": null, "osm_website": null }, "geometry": { "type": "MultiPolygon", "coordinates": [ [ [ [ 10.522921605442191, 43.722331820459125 ], [ 10.523013741307365, 43.721272258009627 ], [ 10.525059157514226, 43.721474956913006 ], [ 10.525003875995122, 43.722414742737783 ], [ 10.522921605442191, 43.722331820459125 ] ] ] ] } },
{ "type": "Feature", "properties": { "fid": 5222, "centroid": "", "site_code": null, "name": "Bientina", "parent_context": null, "chron_orig": null, "c_appr": 3, "typology": "settlement", "c_notes": "<!DOCTYPE HTML PUBLIC \"-//W3C//DTD HTML 4.0//EN\" \"http://www.w3.org/TR/REC-html40/strict.dtd\">\n<html><head><meta name=\"qrichtext\" content=\"1\" /><style type=\"text/css\">\np, li { white-space: pre-wrap; }\n</style></head><body style=\" font-family:'MS Shell Dlg 2'; font-size:7.8pt; font-weight:400; font-style:normal;\">\n<p style=\" margin-top:0px; margin-bottom:0px; margin-left:0px; margin-right:0px; -qt-block-indent:0; text-indent:0px;\">NULL</p></body></html>", "site_name_brain": null, "macro_context_name": null, "site_id": 2, "source_type": null, "source": null, "bibliography": null, "region": "Abruzzo", "province": "Chieti", "chronology_iccd": null, "parent_chronology_iccd": null, "osm_wikipedia": null, "osm_wikimedia_commons": null, "osm_wikidata": null, "osm_website": null }, "geometry": { "type": "MultiPolygon", "coordinates": [ [ [ [ 10.641257186441909, 43.771440251499939 ], [ 10.642658118076472, 43.771440251499939 ], [ 10.642604236090527, 43.770281788802123 ], [ 10.641230245448936, 43.770322200291581 ], [ 10.641257186441909, 43.771440251499939 ] ] ] ] } },
{ "type": "Feature", "properties": { "fid": 5234, "centroid": "", "site_code": "CLA21", "name": "Palatino: Area 4, Area 5, Settore 9", "parent_context": null, "chron_orig": null, "c_appr": 1, "typology": "settlement", "c_notes": "Areas 4 and 5 and Sector 9 were grouped together are the three excavation/sampling units from which Prof.ssa Laura Motta (2002) drew its archaeobotanical macroremains samplings representive of the northern slope of the Palatine Hill early profile (spanning the 8th–6th centuries BC), also capturing different micro-settings within the same settlement system (inside the fortification, movement/circulation surfaces, and wall-related occupation deposits). \n\nArea 4 lies inside the fortification and is described as being composed mainly of occupation layers and postholes, with samples taken from occupation surfaces and related deposits (including pit/hole backfills and build-up layers). \n\nArea 5 includes the earliest (8th-century BC) contexts in the dataset, but most contexts are linked to a later (7th-century BC) small gravel trackway/road surface, with many samples coming from backfills of pits and holes and associated occupation/build-up deposits. \n\nSector 9 is characterised by a sequence of linear features (E–W aligned) interpreted as wall-related elements; the associated deposits include occupation layers, with features such as hearths, a hut, and numerous postholes, making it particularly informative for activity areas connected to fortification-related spaces", "site_name_brain": null, "macro_context_name": null, "site_id": 282, "source_type": "bibliography - georefenced", "source": "Motta 2002, fig. 2", "bibliography": "Motta, L._2002_Planting the seed of Rome_Vegetation History and Archaeobotany, 11_71-78", "region": "Lazio", "province": "Roma", "chronology_iccd": null, "parent_chronology_iccd": null, "osm_wikipedia": null, "osm_wikimedia_commons": null, "osm_wikidata": null, "osm_website": null }, "geometry": { "type": "MultiPolygon", "coordinates": [ [ [ [ 12.488403308977603, 41.89093889454427 ], [ 12.488209987729654, 41.89059910930294 ], [ 12.487051743736183, 41.890980701316288 ], [ 12.4872011, 41.8912247 ], [ 12.4871714, 41.8912329 ], [ 12.487206625200429, 41.891298320550938 ], [ 12.487053707812718, 41.891346019552579 ], [ 12.486814932222012, 41.891423460284742 ], [ 12.4868664, 41.8915109 ], [ 12.4867447, 41.8915515 ], [ 12.48689871412661, 41.891761807749674 ], [ 12.487545849277007, 41.891549441765633 ], [ 12.487821942321963, 41.891441698138337 ], [ 12.487787991856063, 41.891236592431135 ], [ 12.488328954651465, 41.891036817788844 ], [ 12.488403308977603, 41.89093889454427 ] ] ] ] } },
{ "type": "Feature", "properties": { "fid": 5235, "centroid": "", "site_code": "CTO52", "name": "Tombarelle", "parent_context": null, "chron_orig": null, "c_appr": 3, "typology": "settlement", "c_notes": null, "site_name_brain": null, "macro_context_name": null, "site_id": null, "source_type": null, "source": null, "bibliography": "Mercuri, A. M.,_Florenzano, A.,_Rattighieri, E.,_Rinaldi, R._2020_Tombarelle-Botanical materials_In The Roman Peasant Project 2009-2014. Excavating the Roman Rural Poor (Vol. 1)_420-427", "region": null, "province": null, "chronology_iccd": "Periodo Tardo Repubblicano (Roma)", "parent_chronology_iccd": "Periodo Repubblicano (Roma)", "osm_wikipedia": null, "osm_wikimedia_commons": null, "osm_wikidata": null, "osm_website": null }, "geometry": { "type": "MultiPolygon", "coordinates": [ [ [ [ 11.373155555555556, 42.933611111111112 ], [ 11.373150661207186, 42.933580209411673 ], [ 11.373136457254994, 42.933552332585883 ], [ 11.373114334080785, 42.933530209411671 ], [ 11.373086457254994, 42.933516005459481 ], [ 11.373055555555556, 42.933511111111109 ], [ 11.373024653856119, 42.933516005459481 ], [ 11.372996777030327, 42.933530209411671 ], [ 11.372974653856119, 42.933552332585883 ], [ 11.372960449903927, 42.933580209411673 ], [ 11.372955555555556, 42.933611111111112 ], [ 11.372960449903927, 42.933642012810552 ], [ 11.372974653856119, 42.933669889636342 ], [ 11.372996777030327, 42.933692012810553 ], [ 11.373024653856119, 42.933706216762744 ], [ 11.373055555555556, 42.933711111111116 ], [ 11.373086457254994, 42.933706216762744 ], [ 11.373114334080785, 42.933692012810553 ], [ 11.373136457254994, 42.933669889636342 ], [ 11.373150661207186, 42.933642012810552 ], [ 11.373155555555556, 42.933611111111112 ] ] ] ] } },
{ "type": "Feature", "properties": { "fid": 5243, "centroid": "", "site_code": "CTO53", "name": "Podere Marzuolo - MAP", "parent_context": null, "chron_orig": "first half of the first century CE-roman", "c_appr": 3, "typology": "settlement", "c_notes": null, "site_name_brain": null, "macro_context_name": null, "site_id": null, "source_type": null, "source": null, "bibliography": "Oyen, A. V.,_Tol, G. W.,_Vennarucci, R. G.,_Agostini, A.,_Serneels, V.,_Mercuri, A. M.,_Rattighieri, E.,_Benatti, A._2022_Forging the roman rural economy: A blacksmithing workshop and its tool set at Marzuolo (Tuscany)_American Journal of Archaeology, 126(1)_53-77", "region": null, "province": null, "chronology_iccd": null, "parent_chronology_iccd": null, "osm_wikipedia": null, "osm_wikimedia_commons": null, "osm_wikidata": null, "osm_website": null }, "geometry": { "type": "MultiPolygon", "coordinates": [ [ [ [ 11.4051, 42.957222222222221 ], [ 11.405095105651629, 42.957191320522782 ], [ 11.405080901699437, 42.957163443696992 ], [ 11.405058778525229, 42.95714132052278 ], [ 11.405030901699437, 42.957127116570589 ], [ 11.405, 42.957122222222218 ], [ 11.404969098300562, 42.957127116570589 ], [ 11.40494122147477, 42.95714132052278 ], [ 11.404919098300562, 42.957163443696992 ], [ 11.40490489434837, 42.957191320522782 ], [ 11.4049, 42.957222222222221 ], [ 11.40490489434837, 42.95725312392166 ], [ 11.404919098300562, 42.95728100074745 ], [ 11.40494122147477, 42.957303123921662 ], [ 11.404969098300562, 42.957317327873852 ], [ 11.405, 42.957322222222224 ], [ 11.405030901699437, 42.957317327873852 ], [ 11.405058778525229, 42.957303123921662 ], [ 11.405080901699437, 42.95728100074745 ], [ 11.405095105651629, 42.95725312392166 ], [ 11.4051, 42.957222222222221 ] ] ] ] } },
{ "type": "Feature", "properties": { "fid": 5245, "centroid": "", "site_code": "CTO54", "name": "Gonfienti", "parent_context": null, "chron_orig": "Middle Bronze Age-", "c_appr": 3, "typology": "settlement", "c_notes": null, "site_name_brain": null, "macro_context_name": null, "site_id": null, "source_type": null, "source": null, "bibliography": "Ciani, F.,_Attolini, D.,_Bellini, C.,_Mori Secci, M.,_Gonnelli, T.,_Pallecchi, P.,_Mariotti Lippi, M._2018_Archeobotanical investigations in the ancient city of Gonfienti, Italy (Bronze Age, Iron Age)_In METROLOGY FOR ARCHAEOLOGY AND CULTURAL HERITAGE_Institute of Electrical and Electronics Engineers_489-493", "region": null, "province": null, "chronology_iccd": "Età del Bronzo medio", "parent_chronology_iccd": "Età del Bronzo", "osm_wikipedia": null, "osm_wikimedia_commons": null, "osm_wikidata": null, "osm_website": null }, "geometry": { "type": "MultiPolygon", "coordinates": [ [ [ [ 11.133433333333333, 43.85 ], [ 11.133428438984962, 43.849969098300562 ], [ 11.13341423503277, 43.849941221474772 ], [ 11.133392111858562, 43.84991909830056 ], [ 11.13336423503277, 43.84990489434837 ], [ 11.133333333333333, 43.8499 ], [ 11.133302431633895, 43.84990489434837 ], [ 11.133274554808104, 43.84991909830056 ], [ 11.133252431633895, 43.849941221474772 ], [ 11.133238227681703, 43.849969098300562 ], [ 11.133233333333333, 43.85 ], [ 11.133238227681703, 43.850030901699441 ], [ 11.133252431633895, 43.850058778525231 ], [ 11.133274554808104, 43.850080901699442 ], [ 11.133302431633895, 43.850095105651633 ], [ 11.133333333333333, 43.8501 ], [ 11.13336423503277, 43.850095105651633 ], [ 11.133392111858562, 43.850080901699442 ], [ 11.13341423503277, 43.850058778525231 ], [ 11.133428438984962, 43.850030901699441 ], [ 11.133433333333333, 43.85 ] ] ] ] } },
{ "type": "Feature", "properties": { "fid": 5262, "centroid": "", "site_code": "CMA4", "name": "Conelle di Arcevia ", "parent_context": null, "chron_orig": null, "c_appr": 3, "typology": "settlement", "c_notes": null, "site_name_brain": null, "macro_context_name": null, "site_id": null, "source_type": null, "source": null, "bibliography": "Cazzella, A.,_Moscoloni, M._1999_CONELLE DI ARCEVIA. UN INSEDIAMENTO ENEOLITICO NELLE MARCHE. Gangemi_vol I_209-211", "region": null, "province": null, "chronology_iccd": null, "parent_chronology_iccd": "Eneolitico", "osm_wikipedia": null, "osm_wikimedia_commons": null, "osm_wikidata": null, "osm_website": null }, "geometry": { "type": "MultiPolygon", "coordinates": [ [ [ [ 12.955372222222222, 43.525313888888888 ], [ 12.955367327873851, 43.525282987189449 ], [ 12.955353123921659, 43.525255110363659 ], [ 12.955331000747451, 43.525232987189447 ], [ 12.955303123921659, 43.525218783237257 ], [ 12.955272222222222, 43.525213888888885 ], [ 12.955241320522784, 43.525218783237257 ], [ 12.955213443696993, 43.525232987189447 ], [ 12.955191320522784, 43.525255110363659 ], [ 12.955177116570592, 43.525282987189449 ], [ 12.955172222222222, 43.525313888888888 ], [ 12.955177116570592, 43.525344790588328 ], [ 12.955191320522784, 43.525372667414118 ], [ 12.955213443696993, 43.525394790588329 ], [ 12.955241320522784, 43.52540899454052 ], [ 12.955272222222222, 43.525413888888892 ], [ 12.955303123921659, 43.52540899454052 ], [ 12.955331000747451, 43.525394790588329 ], [ 12.955353123921659, 43.525372667414118 ], [ 12.955367327873851, 43.525344790588328 ], [ 12.955372222222222, 43.525313888888888 ] ] ] ] } },
{ "type": "Feature", "properties": { "fid": 5270, "centroid": "", "site_code": "CLA84", "name": "Capena - Lucus Feroniae", "parent_context": null, "chron_orig": "post 208 BC - beginning of the 2nd century BC-phase 1", "c_appr": 3, "typology": "sacred", "c_notes": "Lucus Feroniae, discovered in 1952 at the locality of Bambocci, hosts one of the most important sanctuaries of the goddess Feronia in antiquity. Frequented as early as the Iron Age, it developed from the Archaic period onward, as evidenced by the materials found in the votive deposit. Rebuilt after the sack by Hannibal, the sanctuary is currently known only through the excavations of the temple constructed from the last decades of the 3rd century BCE, at the same time as the emergence of an initial settlement layout nearby. The sanctuary was abandoned and the area became a colony between the Sullan and Caesarian periods, but only during the principate of Augustus did it experience significant growth. The settlement was abandoned during Late Antiquity and became a source of spolia, with the construction of numerous lime kilns. At present, only some areas of the colony have been excavated (the forum, part of the sanctuary, the amphitheatre, and the baths), while others have been investigated through non-invasive methods (Kay et al. 2018).\n\nSource: MOSI record ID SABAP-VT-EM_2024_tirocinio_Balzerani_36, author Lorenzo Balzerani (content manager: Lorenzo Balzerani), compiled in 2024, https://gna.cultura.gov.it\n(original in Italian; personal translation).", "site_name_brain": null, "macro_context_name": null, "site_id": null, "source_type": "GNA", "source": "1", "bibliography": "Primavera, M.,_Porta, M._2019_ Il bosco sacro e le analisi archeobotaniche: i primi dati antracologici dal santuario di Lucus Feroniae_Un grande santuario interetnico: Lucus Feroniae Scavi 2000-2010_Edizioni ETS_Vol. 2_883-888", "region": null, "province": null, "chronology_iccd": "Prima Repubblica (Roma)", "parent_chronology_iccd": "Periodo Repubblicano (Roma)", "osm_wikipedia": null, "osm_wikimedia_commons": null, "osm_wikidata": null, "osm_website": null }, "geometry": { "type": "MultiPolygon", "coordinates": [ [ [ [ 12.5983781, 42.1297663 ], [ 12.598287, 42.1292252 ], [ 12.5981797, 42.1291138 ], [ 12.597831, 42.1289944 ], [ 12.5945597, 42.1290859 ], [ 12.5930127, 42.1314571 ], [ 12.5931431, 42.1320908 ], [ 12.5980696, 42.1321627 ], [ 12.5982279, 42.1313854 ], [ 12.5982065, 42.1312979 ], [ 12.5983781, 42.1297663 ] ] ] ] } },
{ "type": "Feature", "properties": { "fid": 5278, "centroid": null, "site_code": "CLA85", "name": "Roma - Basilica Iulia - Navata centrale della Basilica Iulia", "parent_context": null, "chron_orig": null, "c_appr": 3, "typology": "settlement", "c_notes": null, "site_name_brain": null, "macro_context_name": null, "site_id": null, "source_type": null, "source": null, "bibliography": "Primavera, M_2023_I resti vegetali dai contesti pre-augustei e augustei_Basilica Iulia I Gli scavi di Laura Fabbrini (1960-1964) Strutture, stratigrafie e materiali dalla prima età repubblicana alla costruzione augustea_Ege Yayınları_497-502", "region": null, "province": null, "chronology_iccd": "Prima Repubblica (Roma) ; Età altoimperiale", "parent_chronology_iccd": "Periodo Etrusco Arcaico ; Periodo Imperiale (Roma) ; Periodo Repubblicano (Roma)", "osm_wikipedia": null, "osm_wikimedia_commons": null, "osm_wikidata": null, "osm_website": null }, "geometry": { "type": "MultiPolygon", "coordinates": [ [ ] ] } },
{ "type": "Feature", "properties": { "fid": 5294, "centroid": "", "site_code": "CLA96", "name": "Roma - Palatino - NE area", "parent_context": null, "chron_orig": "-media età repubblicana", "c_appr": 3, "typology": "settlement", "c_notes": null, "site_name_brain": null, "macro_context_name": null, "site_id": null, "source_type": null, "source": null, "bibliography": "Armenio, C.,_Masi, A.,_2024_Strade, santuari e domus tra Palatino e Velia nella media età repubblicana (IV-III secolo a.C.)_501-506 ; Follieri, A.M.,_1971_Annali di botanica_30_85-94", "region": null, "province": null, "chronology_iccd": "Prima Repubblica (Roma)", "parent_chronology_iccd": "Periodo Repubblicano (Roma)", "osm_wikipedia": null, "osm_wikimedia_commons": null, "osm_wikidata": null, "osm_website": null }, "geometry": { "type": "MultiPolygon", "coordinates": [ [ [ [ 12.108988888888888, 41.997777777777777 ], [ 12.108983994540518, 41.997746876078338 ], [ 12.108969790588326, 41.997718999252548 ], [ 12.108947667414117, 41.997696876078336 ], [ 12.108919790588326, 41.997682672126146 ], [ 12.108888888888888, 41.997677777777774 ], [ 12.108857987189451, 41.997682672126146 ], [ 12.108830110363659, 41.997696876078336 ], [ 12.108807987189451, 41.997718999252548 ], [ 12.108793783237259, 41.997746876078338 ], [ 12.108788888888888, 41.997777777777777 ], [ 12.108793783237259, 41.997808679477217 ], [ 12.108807987189451, 41.997836556303007 ], [ 12.108830110363659, 41.997858679477218 ], [ 12.108857987189451, 41.997872883429409 ], [ 12.108888888888888, 41.997877777777781 ], [ 12.108919790588326, 41.997872883429409 ], [ 12.108947667414117, 41.997858679477218 ], [ 12.108969790588326, 41.997836556303007 ], [ 12.108983994540518, 41.997808679477217 ], [ 12.108988888888888, 41.997777777777777 ] ] ] ] } },
{ "type": "Feature", "properties": { "fid": 5300, "centroid": "", "site_code": "CLA15", "name": "Atrium Vestae", "parent_context": null, "chron_orig": null, "c_appr": null, "typology": "settlement,sacred", "c_notes": null, "site_name_brain": "Roma - Fori Imperiali", "macro_context_name": null, "site_id": null, "source_type": "external project", "source": "OSM", "bibliography": "Costantini, L.,_Giorgi, J.A_2009_The charred plant remains_Supplements to the Memoirs of the American Academy in Rome, 8_ 125-151 ; Vaccaro; E.; Ghisleni; M.; Arnoldus-Huyzendveld; A.; Grey; C.; Bowes; K.; MacKinnon; M.; Mercuri; A.M.; Pecci; A.; Cau Ontiveros; M.A.; Rattigheri; E.; Rinaldi; R.. 2013.0. \"Excavating the Roman peasant II: excavations at Case Nuove, Cinigiano (GR) 1\"", "region": null, "province": null, "chronology_iccd": null, "parent_chronology_iccd": null, "osm_wikipedia": null, "osm_wikimedia_commons": null, "osm_wikidata": null, "osm_website": null }, "geometry": { "type": "MultiPolygon", "coordinates": [ [ [ [ 12.4860229, 41.8913572 ], [ 12.4861508, 41.8913129 ], [ 12.4861537, 41.891307 ], [ 12.4867055, 41.8911231 ], [ 12.4866985, 41.891111 ], [ 12.4867152, 41.8911056 ], [ 12.486706, 41.8910897 ], [ 12.4870487, 41.8909799 ], [ 12.4872011, 41.8912247 ], [ 12.4871714, 41.8912329 ], [ 12.487206625200429, 41.891298320550938 ], [ 12.487276209626389, 41.891424863196534 ], [ 12.487002361240336, 41.891519700035147 ], [ 12.486981598145492, 41.891471439868752 ], [ 12.486936143802724, 41.891488835975238 ], [ 12.486965635568492, 41.891540588365423 ], [ 12.486952417579765, 41.89154551361252 ], [ 12.486921553519862, 41.891492764128323 ], [ 12.48687778267127, 41.89150847674064 ], [ 12.486897984601388, 41.891547477689059 ], [ 12.486889005965786, 41.891553650501066 ], [ 12.4868664, 41.8915109 ], [ 12.4868143, 41.8915282 ], [ 12.486832889493233, 41.891560945642496 ], [ 12.4868222, 41.8915655 ], [ 12.4868022, 41.8915323 ], [ 12.4867564, 41.8915475 ], [ 12.4867748, 41.891578 ], [ 12.486763, 41.891582 ], [ 12.4867447, 41.8915515 ], [ 12.4866955, 41.8915679 ], [ 12.4867142, 41.8915989 ], [ 12.486726, 41.8916129 ], [ 12.4867313, 41.8916214 ], [ 12.4867131, 41.8916277 ], [ 12.4867077, 41.8916192 ], [ 12.4867018, 41.891603 ], [ 12.4866831, 41.891572 ], [ 12.486637, 41.8915874 ], [ 12.4866718, 41.8916426 ], [ 12.4866555, 41.8916482 ], [ 12.4866498, 41.8916391 ], [ 12.4866439, 41.8916216 ], [ 12.4866256, 41.8915912 ], [ 12.4865761, 41.8916077 ], [ 12.4865958, 41.8916405 ], [ 12.486597894526218, 41.891643013431462 ], [ 12.486613, 41.8916634 ], [ 12.4865967, 41.8916691 ], [ 12.4865909, 41.8916599 ], [ 12.4865861, 41.8916437 ], [ 12.4865662, 41.891611 ], [ 12.4865195, 41.8916267 ], [ 12.4865398, 41.8916601 ], [ 12.4865271, 41.8916646 ], [ 12.4864646, 41.8915569 ], [ 12.4863052, 41.8916105 ], [ 12.4862828, 41.8915724 ], [ 12.4861409, 41.8916204 ], [ 12.4861433, 41.8916243 ], [ 12.4861388, 41.8916258 ], [ 12.4861356, 41.8916205 ], [ 12.4861229, 41.8916248 ], [ 12.4861153, 41.8916124 ], [ 12.4860919, 41.8916196 ], [ 12.486098, 41.891632 ], [ 12.4860901, 41.8916347 ], [ 12.4861044, 41.8916587 ], [ 12.4860891, 41.8916639 ], [ 12.4860811, 41.8916432 ], [ 12.4860689, 41.8916085 ], [ 12.4860628, 41.8915661 ], [ 12.4860575, 41.8915674 ], [ 12.4860448, 41.8915167 ], [ 12.486037, 41.8914685 ], [ 12.4860354, 41.8914214 ], [ 12.4860263, 41.8914104 ], [ 12.4860229, 41.8913572 ] ] ] ] } },
{ "type": "Feature", "properties": { "fid": 5309, "centroid": "", "site_code": "CLA35", "name": "Middle Chalcolithic village of Le Cerquete–Fianello (Maccarese)", "parent_context": null, "chron_orig": null, "c_appr": 3, "typology": "funerary", "c_notes": "Le Cerquete–Fianello is a well-preserved Middle Chalcolithic (Copper Age) village on the Roman coastal plain, set on a low sandy rise at the edge of the former Lago di Maccarese, protected by overlying lagoon deposits that helped seal the archaeological horizon. The site was identified during broader landscape surveys and then excavated in annual campaigns (1993–2002), revealing a village of c. 1 ha (with c. 1,000 m² excavated). \n\nThe excavated sector includes five huts (A–E), a palisade enclosing part of the settlement, pits and peripheral activity zones. A stratigraphic/structural sequence has been proposed within the village’s life: an earlier layout with the palisade and huts A–C, followed by phases in which some pits cut earlier features, and a later episode in which hut E is built after the infilling/obliteration of earlier pits—yet the radiocarbon dataset is consistent with one broad occupation episode within the Middle Chalcolithic. \n\nAt the south-eastern edge, a marginal zone concentrates pits, pozzetti, hearths and dense deposits, including a ritual 'pozzetto' with an intentionally arranged horse burial (with two dog puppies separated by a clay lens), and nearby funerary evidence (including a fetal burial in a vessel and other burials/crania). \nRadiocarbon dates place the occupation broadly between c. 3550–2920 BC (cal.), with samples tied to hut A, pits, postholes, and the ritual equid burial. \n\nAnthracological work on charcoals from the excavations highlights a landscape combining Mediterranean evergreen elements and deciduous/wetland woods (notably oak, elm and alder), consistent with a lake-margin environment behind a coastal dune cordon. \n\nBibliography: Marconi 2018 ; Manfredini (ed.) 2002.", "site_name_brain": null, "macro_context_name": null, "site_id": null, "source_type": null, "source": null, "bibliography": null, "region": null, "province": null, "chronology_iccd": null, "parent_chronology_iccd": null, "osm_wikipedia": null, "osm_wikimedia_commons": null, "osm_wikidata": null, "osm_website": null }, "geometry": { "type": "MultiPolygon", "coordinates": [ [ [ [ 12.238477948268331, 41.8474070754094 ], [ 12.23852396473872, 41.84731350102426 ], [ 12.238513429215011, 41.847299412727587 ], [ 12.238545384102538, 41.847256913909035 ], [ 12.238597337063879, 41.84729566477813 ], [ 12.238639643508373, 41.847239209799547 ], [ 12.238787756232416, 41.847330029886123 ], [ 12.238826869430103, 41.847293922231913 ], [ 12.238973347938852, 41.847286609365582 ], [ 12.238978479868001, 41.847291548577267 ], [ 12.239022735189421, 41.847326485972523 ], [ 12.239059159881165, 41.847379463813951 ], [ 12.239082700452331, 41.847362309736383 ], [ 12.239111499614889, 41.847413119698011 ], [ 12.23898101045506, 41.847527118469522 ], [ 12.238823639794157, 41.847483872452251 ], [ 12.238806573242744, 41.847496290982015 ], [ 12.238841642004679, 41.847509970724857 ], [ 12.238801493651293, 41.847547473995078 ], [ 12.238834896919068, 41.847561649137312 ], [ 12.238859562293932, 41.847540353502815 ], [ 12.239029332227355, 41.847648455013548 ], [ 12.238932918359357, 41.847749401939218 ], [ 12.239007647746288, 41.847792261440546 ], [ 12.238898850550608, 41.847925235790825 ], [ 12.238581250656146, 41.847727972188579 ], [ 12.23867240508363, 41.847607895677974 ], [ 12.238637297696357, 41.847593349395922 ], [ 12.238717603777236, 41.847518675937707 ], [ 12.23873560717546, 41.847499361900724 ], [ 12.238781203520864, 41.847470118164686 ], [ 12.23871079518468, 41.847437581966375 ], [ 12.238749389573542, 41.847402357940879 ], [ 12.238643155438305, 41.847341088377689 ], [ 12.23853674271246, 41.847446088545233 ], [ 12.238477948268331, 41.8474070754094 ] ] ] ] } }
]
}
